k,sexo,chave,l,m,s
1000000,1,0,1.0,49.8842,0.03795
1000001,1,1,1.0,50.0601,0.03785
1000002,1,2,1.0,50.2359,0.03775
1000003,1,3,1.0,50.4118,0.03764
1000004,1,4,1.0,50.5876,0.03754
1000005,1,5,1.0,50.7635,0.03744
1000006,1,6,1.0,50.9393,0.03734
1000007,1,7,1.0,51.1152,0.03723
1000008,1,8,1.0,51.291,0.03713
1000009,1,9,1.0,51.4669,0.03703
1000010,1,10,1.0,51.6427,0.03693
1000011,1,11,1.0,51.8186,0.03682
1000012,1,12,1.0,51.9944,0.03672
1000013,1,13,1.0,52.1702,0.03662
1000014,1,14,1.0,52.3461,0.03652
1000015,1,15,1.0,52.4978,0.03645
1000016,1,16,1.0,52.6488,0.03639
1000017,1,17,1.0,52.799,0.03633
1000018,1,18,1.0,52.9483,0.03627
1000019,1,19,1.0,53.0967,0.03621
1000020,1,20,1.0,53.2441,0.03615
1000021,1,21,1.0,53.3905,0.03609
1000022,1,22,1.0,53.536,0.03603
1000023,1,23,1.0,53.6805,0.03597
1000024,1,24,1.0,53.8239,0.03592
1000025,1,25,1.0,53.9664,0.03586
1000026,1,26,1.0,54.1079,0.03581
1000027,1,27,1.0,54.2485,0.03575
1000028,1,28,1.0,54.3881,0.0357
1000029,1,29,1.0,54.5268,0.03565
1000030,1,30,1.0,54.6645,0.03559
1000031,1,31,1.0,54.8012,0.03554
1000032,1,32,1.0,54.9368,0.03549
1000033,1,33,1.0,55.0714,0.03544
1000034,1,34,1.0,55.2049,0.03539
1000035,1,35,1.0,55.3374,0.03534
1000036,1,36,1.0,55.4688,0.03529
1000037,1,37,1.0,55.5992,0.03524
1000038,1,38,1.0,55.7285,0.0352
1000039,1,39,1.0,55.8568,0.03515
1000040,1,40,1.0,55.9841,0.0351
1000041,1,41,1.0,56.1104,0.03506
1000042,1,42,1.0,56.2357,0.03501
1000043,1,43,1.0,56.3599,0.03496
1000044,1,44,1.0,56.4833,0.03492
1000045,1,45,1.0,56.6056,0.03488
1000046,1,46,1.0,56.7269,0.03483
1000047,1,47,1.0,56.8472,0.03479
1000048,1,48,1.0,56.9666,0.03475
1000049,1,49,1.0,57.0851,0.0347
1000050,1,50,1.0,57.2026,0.03466
1000051,1,51,1.0,57.3192,0.03462
1000052,1,52,1.0,57.4349,0.03458
1000053,1,53,1.0,57.5497,0.03454
1000054,1,54,1.0,57.6637,0.0345
1000055,1,55,1.0,57.7767,0.03446
1000056,1,56,1.0,57.8889,0.03442
1000057,1,57,1.0,58.0003,0.03438
1000058,1,58,1.0,58.1109,0.03434
1000059,1,59,1.0,58.2207,0.03431
1000060,1,60,1.0,58.3299,0.03427
1000061,1,61,1.0,58.4384,0.03423
1000062,1,62,1.0,58.5463,0.0342
1000063,1,63,1.0,58.6536,0.03416
1000064,1,64,1.0,58.7603,0.03412
1000065,1,65,1.0,58.8664,0.03409
1000066,1,66,1.0,58.9718,0.03405
1000067,1,67,1.0,59.0766,0.03402
1000068,1,68,1.0,59.1808,0.03398
1000069,1,69,1.0,59.2843,0.03395
1000070,1,70,1.0,59.3872,0.03392
1000071,1,71,1.0,59.4894,0.03388
1000072,1,72,1.0,59.591,0.03385
1000073,1,73,1.0,59.692,0.03382
1000074,1,74,1.0,59.7923,0.03379
1000075,1,75,1.0,59.892,0.03375
1000076,1,76,1.0,59.991,0.03372
1000077,1,77,1.0,60.0894,0.03369
1000078,1,78,1.0,60.1872,0.03366
1000079,1,79,1.0,60.2843,0.03363
1000080,1,80,1.0,60.3808,0.0336
1000081,1,81,1.0,60.4767,0.03357
1000082,1,82,1.0,60.5719,0.03354
1000083,1,83,1.0,60.6665,0.03351
1000084,1,84,1.0,60.7605,0.03348
1000085,1,85,1.0,60.8539,0.03345
1000086,1,86,1.0,60.9466,0.03342
1000087,1,87,1.0,61.0388,0.0334
1000088,1,88,1.0,61.1303,0.03337
1000089,1,89,1.0,61.2212,0.03334
1000090,1,90,1.0,61.3115,0.03331
1000091,1,91,1.0,61.4013,0.03329
1000092,1,92,1.0,61.4904,0.03326
1000093,1,93,1.0,61.579,0.03323
1000094,1,94,1.0,61.667,0.03321
1000095,1,95,1.0,61.7543,0.03318
1000096,1,96,1.0,61.8411,0.03316
1000097,1,97,1.0,61.9274,0.03313
1000098,1,98,1.0,62.013,0.03311
1000099,1,99,1.0,62.0981,0.03308
1000100,1,100,1.0,62.1826,0.03306
1000101,1,101,1.0,62.2665,0.03303
1000102,1,102,1.0,62.3499,0.03301
1000103,1,103,1.0,62.4327,0.03298
1000104,1,104,1.0,62.5149,0.03296
1000105,1,105,1.0,62.5966,0.03294
1000106,1,106,1.0,62.6778,0.03291
1000107,1,107,1.0,62.7584,0.03289
1000108,1,108,1.0,62.8384,0.03287
1000109,1,109,1.0,62.918,0.03284
1000110,1,110,1.0,62.9969,0.03282
1000111,1,111,1.0,63.0754,0.0328
1000112,1,112,1.0,63.1533,0.03278
1000113,1,113,1.0,63.2307,0.03276
1000114,1,114,1.0,63.3076,0.03273
1000115,1,115,1.0,63.3839,0.03271
1000116,1,116,1.0,63.4598,0.03269
1000117,1,117,1.0,63.5351,0.03267
1000118,1,118,1.0,63.6099,0.03265
1000119,1,119,1.0,63.6842,0.03263
1000120,1,120,1.0,63.758,0.03261
1000121,1,121,1.0,63.8313,0.03259
1000122,1,122,1.0,63.9041,0.03257
1000123,1,123,1.0,63.9765,0.03255
1000124,1,124,1.0,64.0483,0.03253
1000125,1,125,1.0,64.1197,0.03251
1000126,1,126,1.0,64.1906,0.03249
1000127,1,127,1.0,64.261,0.03247
1000128,1,128,1.0,64.331,0.03245
1000129,1,129,1.0,64.4006,0.03243
1000130,1,130,1.0,64.4697,0.03241
1000131,1,131,1.0,64.5383,0.03239
1000132,1,132,1.0,64.6066,0.03238
1000133,1,133,1.0,64.6744,0.03236
1000134,1,134,1.0,64.7418,0.03234
1000135,1,135,1.0,64.8088,0.03232
1000136,1,136,1.0,64.8755,0.0323
1000137,1,137,1.0,64.9417,0.03229
1000138,1,138,1.0,65.0075,0.03227
1000139,1,139,1.0,65.073,0.03225
1000140,1,140,1.0,65.138,0.03223
1000141,1,141,1.0,65.2027,0.03222
1000142,1,142,1.0,65.2671,0.0322
1000143,1,143,1.0,65.331,0.03218
1000144,1,144,1.0,65.3946,0.03217
1000145,1,145,1.0,65.4579,0.03215
1000146,1,146,1.0,65.5208,0.03214
1000147,1,147,1.0,65.5834,0.03212
1000148,1,148,1.0,65.6456,0.0321
1000149,1,149,1.0,65.7075,0.03209
1000150,1,150,1.0,65.769,0.03207
1000151,1,151,1.0,65.8303,0.03206
1000152,1,152,1.0,65.8912,0.03204
1000153,1,153,1.0,65.9518,0.03203
1000154,1,154,1.0,66.0121,0.03201
1000155,1,155,1.0,66.0721,0.032
1000156,1,156,1.0,66.1317,0.03198
1000157,1,157,1.0,66.1911,0.03197
1000158,1,158,1.0,66.2502,0.03196
1000159,1,159,1.0,66.3089,0.03194
1000160,1,160,1.0,66.3674,0.03193
1000161,1,161,1.0,66.4256,0.03191
1000162,1,162,1.0,66.4835,0.0319
1000163,1,163,1.0,66.5412,0.03189
1000164,1,164,1.0,66.5985,0.03187
1000165,1,165,1.0,66.6556,0.03186
1000166,1,166,1.0,66.7125,0.03185
1000167,1,167,1.0,66.7691,0.03183
1000168,1,168,1.0,66.8254,0.03182
1000169,1,169,1.0,66.8815,0.03181
1000170,1,170,1.0,66.9373,0.0318
1000171,1,171,1.0,66.993,0.03179
1000172,1,172,1.0,67.0483,0.03177
1000173,1,173,1.0,67.1035,0.03176
1000174,1,174,1.0,67.1584,0.03175
1000175,1,175,1.0,67.2132,0.03174
1000176,1,176,1.0,67.2677,0.03173
1000177,1,177,1.0,67.3219,0.03171
1000178,1,178,1.0,67.376,0.0317
1000179,1,179,1.0,67.4299,0.03169
1000180,1,180,1.0,67.4836,0.03168
1000181,1,181,1.0,67.5371,0.03167
1000182,1,182,1.0,67.5904,0.03166
1000183,1,183,1.0,67.6435,0.03165
1000184,1,184,1.0,67.6964,0.03164
1000185,1,185,1.0,67.7491,0.03163
1000186,1,186,1.0,67.8017,0.03162
1000187,1,187,1.0,67.8541,0.03161
1000188,1,188,1.0,67.9062,0.0316
1000189,1,189,1.0,67.9583,0.03159
1000190,1,190,1.0,68.0101,0.03158
1000191,1,191,1.0,68.0618,0.03157
1000192,1,192,1.0,68.1133,0.03156
1000193,1,193,1.0,68.1647,0.03155
1000194,1,194,1.0,68.2158,0.03154
1000195,1,195,1.0,68.2669,0.03153
1000196,1,196,1.0,68.3177,0.03152
1000197,1,197,1.0,68.3685,0.03152
1000198,1,198,1.0,68.419,0.03151
1000199,1,199,1.0,68.4695,0.0315
1000200,1,200,1.0,68.5198,0.03149
1000201,1,201,1.0,68.5699,0.03148
1000202,1,202,1.0,68.6199,0.03147
1000203,1,203,1.0,68.6698,0.03147
1000204,1,204,1.0,68.7195,0.03146
1000205,1,205,1.0,68.7691,0.03145
1000206,1,206,1.0,68.8186,0.03144
1000207,1,207,1.0,68.8679,0.03144
1000208,1,208,1.0,68.9171,0.03143
1000209,1,209,1.0,68.9662,0.03142
1000210,1,210,1.0,69.0152,0.03141
1000211,1,211,1.0,69.0641,0.03141
1000212,1,212,1.0,69.1128,0.0314
1000213,1,213,1.0,69.1615,0.03139
1000214,1,214,1.0,69.21,0.03139
1000215,1,215,1.0,69.2584,0.03138
1000216,1,216,1.0,69.3067,0.03137
1000217,1,217,1.0,69.3549,0.03137
1000218,1,218,1.0,69.4031,0.03136
1000219,1,219,1.0,69.4511,0.03136
1000220,1,220,1.0,69.499,0.03135
1000221,1,221,1.0,69.5468,0.03134
1000222,1,222,1.0,69.5945,0.03134
1000223,1,223,1.0,69.6421,0.03133
1000224,1,224,1.0,69.6896,0.03133
1000225,1,225,1.0,69.737,0.03132
1000226,1,226,1.0,69.7844,0.03132
1000227,1,227,1.0,69.8316,0.03131
1000228,1,228,1.0,69.8787,0.03131
1000229,1,229,1.0,69.9258,0.0313
1000230,1,230,1.0,69.9728,0.0313
1000231,1,231,1.0,70.0197,0.03129
1000232,1,232,1.0,70.0665,0.03129
1000233,1,233,1.0,70.1132,0.03128
1000234,1,234,1.0,70.1599,0.03128
1000235,1,235,1.0,70.2064,0.03127
1000236,1,236,1.0,70.2529,0.03127
1000237,1,237,1.0,70.2994,0.03126
1000238,1,238,1.0,70.3457,0.03126
1000239,1,239,1.0,70.392,0.03126
1000240,1,240,1.0,70.4382,0.03125
1000241,1,241,1.0,70.4843,0.03125
1000242,1,242,1.0,70.5304,0.03125
1000243,1,243,1.0,70.5764,0.03124
1000244,1,244,1.0,70.6224,0.03124
1000245,1,245,1.0,70.6683,0.03123
1000246,1,246,1.0,70.7141,0.03123
1000247,1,247,1.0,70.7598,0.03123
1000248,1,248,1.0,70.8055,0.03122
1000249,1,249,1.0,70.8511,0.03122
1000250,1,250,1.0,70.8967,0.03122
1000251,1,251,1.0,70.9422,0.03122
1000252,1,252,1.0,70.9876,0.03121
1000253,1,253,1.0,71.033,0.03121
1000254,1,254,1.0,71.0783,0.03121
1000255,1,255,1.0,71.1235,0.03121
1000256,1,256,1.0,71.1687,0.0312
1000257,1,257,1.0,71.2138,0.0312
1000258,1,258,1.0,71.2589,0.0312
1000259,1,259,1.0,71.3039,0.0312
1000260,1,260,1.0,71.3488,0.03119
1000261,1,261,1.0,71.3937,0.03119
1000262,1,262,1.0,71.4385,0.03119
1000263,1,263,1.0,71.4832,0.03119
1000264,1,264,1.0,71.5279,0.03119
1000265,1,265,1.0,71.5725,0.03118
1000266,1,266,1.0,71.6171,0.03118
1000267,1,267,1.0,71.6616,0.03118
1000268,1,268,1.0,71.706,0.03118
1000269,1,269,1.0,71.7504,0.03118
1000270,1,270,1.0,71.7947,0.03118
1000271,1,271,1.0,71.839,0.03118
1000272,1,272,1.0,71.8832,0.03118
1000273,1,273,1.0,71.9273,0.03117
1000274,1,274,1.0,71.9714,0.03117
1000275,1,275,1.0,72.0154,0.03117
1000276,1,276,1.0,72.0594,0.03117
1000277,1,277,1.0,72.1033,0.03117
1000278,1,278,1.0,72.1472,0.03117
1000279,1,279,1.0,72.1909,0.03117
1000280,1,280,1.0,72.2347,0.03117
1000281,1,281,1.0,72.2783,0.03117
1000282,1,282,1.0,72.3219,0.03117
1000283,1,283,1.0,72.3655,0.03117
1000284,1,284,1.0,72.4089,0.03117
1000285,1,285,1.0,72.4523,0.03117
1000286,1,286,1.0,72.4957,0.03117
1000287,1,287,1.0,72.539,0.03117
1000288,1,288,1.0,72.5822,0.03117
1000289,1,289,1.0,72.6253,0.03117
1000290,1,290,1.0,72.6684,0.03117
1000291,1,291,1.0,72.7115,0.03117
1000292,1,292,1.0,72.7544,0.03117
1000293,1,293,1.0,72.7974,0.03117
1000294,1,294,1.0,72.8402,0.03117
1000295,1,295,1.0,72.883,0.03117
1000296,1,296,1.0,72.9257,0.03117
1000297,1,297,1.0,72.9684,0.03117
1000298,1,298,1.0,73.011,0.03117
1000299,1,299,1.0,73.0535,0.03118
1000300,1,300,1.0,73.096,0.03118
1000301,1,301,1.0,73.1384,0.03118
1000302,1,302,1.0,73.1808,0.03118
1000303,1,303,1.0,73.2231,0.03118
1000304,1,304,1.0,73.2653,0.03118
1000305,1,305,1.0,73.3075,0.03118
1000306,1,306,1.0,73.3497,0.03118
1000307,1,307,1.0,73.3917,0.03119
1000308,1,308,1.0,73.4337,0.03119
1000309,1,309,1.0,73.4757,0.03119
1000310,1,310,1.0,73.5176,0.03119
1000311,1,311,1.0,73.5594,0.03119
1000312,1,312,1.0,73.6012,0.03119
1000313,1,313,1.0,73.6429,0.0312
1000314,1,314,1.0,73.6845,0.0312
1000315,1,315,1.0,73.7261,0.0312
1000316,1,316,1.0,73.7677,0.0312
1000317,1,317,1.0,73.8091,0.0312
1000318,1,318,1.0,73.8506,0.03121
1000319,1,319,1.0,73.8919,0.03121
1000320,1,320,1.0,73.9333,0.03121
1000321,1,321,1.0,73.9745,0.03121
1000322,1,322,1.0,74.0157,0.03122
1000323,1,323,1.0,74.0569,0.03122
1000324,1,324,1.0,74.0979,0.03122
1000325,1,325,1.0,74.139,0.03122
1000326,1,326,1.0,74.18,0.03123
1000327,1,327,1.0,74.2209,0.03123
1000328,1,328,1.0,74.2618,0.03123
1000329,1,329,1.0,74.3026,0.03124
1000330,1,330,1.0,74.3433,0.03124
1000331,1,331,1.0,74.3841,0.03124
1000332,1,332,1.0,74.4247,0.03124
1000333,1,333,1.0,74.4653,0.03125
1000334,1,334,1.0,74.5059,0.03125
1000335,1,335,1.0,74.5464,0.03125
1000336,1,336,1.0,74.5868,0.03126
1000337,1,337,1.0,74.6272,0.03126
1000338,1,338,1.0,74.6676,0.03126
1000339,1,339,1.0,74.7079,0.03127
1000340,1,340,1.0,74.7481,0.03127
1000341,1,341,1.0,74.7883,0.03127
1000342,1,342,1.0,74.8285,0.03128
1000343,1,343,1.0,74.8686,0.03128
1000344,1,344,1.0,74.9086,0.03128
1000345,1,345,1.0,74.9486,0.03129
1000346,1,346,1.0,74.9886,0.03129
1000347,1,347,1.0,75.0285,0.0313
1000348,1,348,1.0,75.0683,0.0313
1000349,1,349,1.0,75.1081,0.0313
1000350,1,350,1.0,75.1479,0.03131
1000351,1,351,1.0,75.1876,0.03131
1000352,1,352,1.0,75.2273,0.03132
1000353,1,353,1.0,75.2669,0.03132
1000354,1,354,1.0,75.3065,0.03132
1000355,1,355,1.0,75.346,0.03133
1000356,1,356,1.0,75.3855,0.03133
1000357,1,357,1.0,75.425,0.03134
1000358,1,358,1.0,75.4644,0.03134
1000359,1,359,1.0,75.5037,0.03135
1000360,1,360,1.0,75.5431,0.03135
1000361,1,361,1.0,75.5824,0.03136
1000362,1,362,1.0,75.6216,0.03136
1000363,1,363,1.0,75.6608,0.03136
1000364,1,364,1.0,75.6999,0.03137
1000365,1,365,1.0,75.7391,0.03137
1000366,1,366,1.0,75.7781,0.03138
1000367,1,367,1.0,75.8172,0.03138
1000368,1,368,1.0,75.8562,0.03139
1000369,1,369,1.0,75.8951,0.03139
1000370,1,370,1.0,75.934,0.0314
1000371,1,371,1.0,75.9729,0.0314
1000372,1,372,1.0,76.0117,0.03141
1000373,1,373,1.0,76.0505,0.03141
1000374,1,374,1.0,76.0892,0.03142
1000375,1,375,1.0,76.1279,0.03142
1000376,1,376,1.0,76.1665,0.03143
1000377,1,377,1.0,76.2051,0.03143
1000378,1,378,1.0,76.2437,0.03144
1000379,1,379,1.0,76.2822,0.03144
1000380,1,380,1.0,76.3207,0.03145
1000381,1,381,1.0,76.3591,0.03146
1000382,1,382,1.0,76.3975,0.03146
1000383,1,383,1.0,76.4358,0.03147
1000384,1,384,1.0,76.4741,0.03147
1000385,1,385,1.0,76.5124,0.03148
1000386,1,386,1.0,76.5506,0.03148
1000387,1,387,1.0,76.5888,0.03149
1000388,1,388,1.0,76.6269,0.03149
1000389,1,389,1.0,76.665,0.0315
1000390,1,390,1.0,76.703,0.03151
1000391,1,391,1.0,76.741,0.03151
1000392,1,392,1.0,76.779,0.03152
1000393,1,393,1.0,76.8169,0.03152
1000394,1,394,1.0,76.8548,0.03153
1000395,1,395,1.0,76.8926,0.03154
1000396,1,396,1.0,76.9304,0.03154
1000397,1,397,1.0,76.9682,0.03155
1000398,1,398,1.0,77.0059,0.03155
1000399,1,399,1.0,77.0435,0.03156
1000400,1,400,1.0,77.0812,0.03157
1000401,1,401,1.0,77.1187,0.03157
1000402,1,402,1.0,77.1563,0.03158
1000403,1,403,1.0,77.1938,0.03159
1000404,1,404,1.0,77.2313,0.03159
1000405,1,405,1.0,77.2687,0.0316
1000406,1,406,1.0,77.306,0.0316
1000407,1,407,1.0,77.3434,0.03161
1000408,1,408,1.0,77.3807,0.03162
1000409,1,409,1.0,77.4179,0.03162
1000410,1,410,1.0,77.4551,0.03163
1000411,1,411,1.0,77.4923,0.03164
1000412,1,412,1.0,77.5295,0.03164
1000413,1,413,1.0,77.5665,0.03165
1000414,1,414,1.0,77.6036,0.03166
1000415,1,415,1.0,77.6406,0.03166
1000416,1,416,1.0,77.6776,0.03167
1000417,1,417,1.0,77.7145,0.03168
1000418,1,418,1.0,77.7514,0.03168
1000419,1,419,1.0,77.7883,0.03169
1000420,1,420,1.0,77.8251,0.0317
1000421,1,421,1.0,77.8618,0.0317
1000422,1,422,1.0,77.8986,0.03171
1000423,1,423,1.0,77.9353,0.03172
1000424,1,424,1.0,77.9719,0.03172
1000425,1,425,1.0,78.0085,0.03173
1000426,1,426,1.0,78.0451,0.03174
1000427,1,427,1.0,78.0817,0.03175
1000428,1,428,1.0,78.1182,0.03175
1000429,1,429,1.0,78.1546,0.03176
1000430,1,430,1.0,78.1911,0.03177
1000431,1,431,1.0,78.2275,0.03177
1000432,1,432,1.0,78.2638,0.03178
1000433,1,433,1.0,78.3001,0.03179
1000434,1,434,1.0,78.3364,0.0318
1000435,1,435,1.0,78.3727,0.0318
1000436,1,436,1.0,78.4089,0.03181
1000437,1,437,1.0,78.4451,0.03182
1000438,1,438,1.0,78.4812,0.03183
1000439,1,439,1.0,78.5173,0.03183
1000440,1,440,1.0,78.5534,0.03184
1000441,1,441,1.0,78.5894,0.03185
1000442,1,442,1.0,78.6254,0.03186
1000443,1,443,1.0,78.6614,0.03186
1000444,1,444,1.0,78.6973,0.03187
1000445,1,445,1.0,78.7332,0.03188
1000446,1,446,1.0,78.7691,0.03189
1000447,1,447,1.0,78.8049,0.03189
1000448,1,448,1.0,78.8407,0.0319
1000449,1,449,1.0,78.8764,0.03191
1000450,1,450,1.0,78.9122,0.03192
1000451,1,451,1.0,78.9479,0.03192
1000452,1,452,1.0,78.9835,0.03193
1000453,1,453,1.0,79.0191,0.03194
1000454,1,454,1.0,79.0547,0.03195
1000455,1,455,1.0,79.0903,0.03196
1000456,1,456,1.0,79.1258,0.03196
1000457,1,457,1.0,79.1613,0.03197
1000458,1,458,1.0,79.1968,0.03198
1000459,1,459,1.0,79.2322,0.03199
1000460,1,460,1.0,79.2676,0.032
1000461,1,461,1.0,79.303,0.032
1000462,1,462,1.0,79.3383,0.03201
1000463,1,463,1.0,79.3736,0.03202
1000464,1,464,1.0,79.4089,0.03203
1000465,1,465,1.0,79.4441,0.03204
1000466,1,466,1.0,79.4793,0.03204
1000467,1,467,1.0,79.5145,0.03205
1000468,1,468,1.0,79.5496,0.03206
1000469,1,469,1.0,79.5847,0.03207
1000470,1,470,1.0,79.6198,0.03208
1000471,1,471,1.0,79.6548,0.03209
1000472,1,472,1.0,79.6898,0.03209
1000473,1,473,1.0,79.7248,0.0321
1000474,1,474,1.0,79.7598,0.03211
1000475,1,475,1.0,79.7947,0.03212
1000476,1,476,1.0,79.8296,0.03213
1000477,1,477,1.0,79.8644,0.03214
1000478,1,478,1.0,79.8993,0.03214
1000479,1,479,1.0,79.9341,0.03215
1000480,1,480,1.0,79.9688,0.03216
1000481,1,481,1.0,80.0036,0.03217
1000482,1,482,1.0,80.0383,0.03218
1000483,1,483,1.0,80.0729,0.03219
1000484,1,484,1.0,80.1076,0.0322
1000485,1,485,1.0,80.1422,0.0322
1000486,1,486,1.0,80.1768,0.03221
1000487,1,487,1.0,80.2113,0.03222
1000488,1,488,1.0,80.2459,0.03223
1000489,1,489,1.0,80.2804,0.03224
1000490,1,490,1.0,80.3148,0.03225
1000491,1,491,1.0,80.3493,0.03226
1000492,1,492,1.0,80.3837,0.03226
1000493,1,493,1.0,80.4181,0.03227
1000494,1,494,1.0,80.4524,0.03228
1000495,1,495,1.0,80.4867,0.03229
1000496,1,496,1.0,80.521,0.0323
1000497,1,497,1.0,80.5553,0.03231
1000498,1,498,1.0,80.5895,0.03232
1000499,1,499,1.0,80.6237,0.03233
1000500,1,500,1.0,80.6578,0.03234
1000501,1,501,1.0,80.692,0.03234
1000502,1,502,1.0,80.7261,0.03235
1000503,1,503,1.0,80.7602,0.03236
1000504,1,504,1.0,80.7942,0.03237
1000505,1,505,1.0,80.8282,0.03238
1000506,1,506,1.0,80.8622,0.03239
1000507,1,507,1.0,80.8961,0.0324
1000508,1,508,1.0,80.9301,0.03241
1000509,1,509,1.0,80.964,0.03242
1000510,1,510,1.0,80.9978,0.03243
1000511,1,511,1.0,81.0317,0.03244
1000512,1,512,1.0,81.0655,0.03245
1000513,1,513,1.0,81.0992,0.03245
1000514,1,514,1.0,81.133,0.03246
1000515,1,515,1.0,81.1667,0.03247
1000516,1,516,1.0,81.2004,0.03248
1000517,1,517,1.0,81.234,0.03249
1000518,1,518,1.0,81.2677,0.0325
1000519,1,519,1.0,81.3013,0.03251
1000520,1,520,1.0,81.3348,0.03252
1000521,1,521,1.0,81.3684,0.03253
1000522,1,522,1.0,81.4019,0.03254
1000523,1,523,1.0,81.4353,0.03255
1000524,1,524,1.0,81.4688,0.03256
1000525,1,525,1.0,81.5022,0.03257
1000526,1,526,1.0,81.5356,0.03258
1000527,1,527,1.0,81.569,0.03259
1000528,1,528,1.0,81.6023,0.0326
1000529,1,529,1.0,81.6356,0.03261
1000530,1,530,1.0,81.6689,0.03261
1000531,1,531,1.0,81.7021,0.03262
1000532,1,532,1.0,81.7353,0.03263
1000533,1,533,1.0,81.7685,0.03264
1000534,1,534,1.0,81.8017,0.03265
1000535,1,535,1.0,81.8348,0.03266
1000536,1,536,1.0,81.8679,0.03267
1000537,1,537,1.0,81.9009,0.03268
1000538,1,538,1.0,81.934,0.03269
1000539,1,539,1.0,81.967,0.0327
1000540,1,540,1.0,82.0,0.03271
1000541,1,541,1.0,82.0329,0.03272
1000542,1,542,1.0,82.0659,0.03273
1000543,1,543,1.0,82.0987,0.03274
1000544,1,544,1.0,82.1316,0.03275
1000545,1,545,1.0,82.1644,0.03276
1000546,1,546,1.0,82.1973,0.03277
1000547,1,547,1.0,82.23,0.03278
1000548,1,548,1.0,82.2628,0.03279
1000549,1,549,1.0,82.2955,0.0328
1000550,1,550,1.0,82.3282,0.03281
1000551,1,551,1.0,82.3609,0.03282
1000552,1,552,1.0,82.3935,0.03283
1000553,1,553,1.0,82.4261,0.03284
1000554,1,554,1.0,82.4587,0.03285
1000555,1,555,1.0,82.4912,0.03286
1000556,1,556,1.0,82.5237,0.03287
1000557,1,557,1.0,82.5562,0.03288
1000558,1,558,1.0,82.5887,0.03289
1000559,1,559,1.0,82.6211,0.0329
1000560,1,560,1.0,82.6535,0.03291
1000561,1,561,1.0,82.6859,0.03292
1000562,1,562,1.0,82.7182,0.03293
1000563,1,563,1.0,82.7505,0.03294
1000564,1,564,1.0,82.7828,0.03295
1000565,1,565,1.0,82.8151,0.03296
1000566,1,566,1.0,82.8473,0.03297
1000567,1,567,1.0,82.8795,0.03298
1000568,1,568,1.0,82.9117,0.03299
1000569,1,569,1.0,82.9438,0.033
1000570,1,570,1.0,82.9759,0.03301
1000571,1,571,1.0,83.008,0.03302
1000572,1,572,1.0,83.04,0.03303
1000573,1,573,1.0,83.0721,0.03304
1000574,1,574,1.0,83.1041,0.03305
1000575,1,575,1.0,83.136,0.03306
1000576,1,576,1.0,83.168,0.03308
1000577,1,577,1.0,83.1999,0.03309
1000578,1,578,1.0,83.2318,0.0331
1000579,1,579,1.0,83.2637,0.03311
1000580,1,580,1.0,83.2955,0.03312
1000581,1,581,1.0,83.3273,0.03313
1000582,1,582,1.0,83.3591,0.03314
1000583,1,583,1.0,83.3908,0.03315
1000584,1,584,1.0,83.4226,0.03316
1000585,1,585,1.0,83.4543,0.03317
1000586,1,586,1.0,83.4859,0.03318
1000587,1,587,1.0,83.5176,0.03319
1000588,1,588,1.0,83.5492,0.0332
1000589,1,589,1.0,83.5808,0.03321
1000590,1,590,1.0,83.6124,0.03322
1000591,1,591,1.0,83.6439,0.03323
1000592,1,592,1.0,83.6754,0.03324
1000593,1,593,1.0,83.7069,0.03325
1000594,1,594,1.0,83.7384,0.03326
1000595,1,595,1.0,83.7698,0.03327
1000596,1,596,1.0,83.8012,0.03329
1000597,1,597,1.0,83.8326,0.0333
1000598,1,598,1.0,83.864,0.03331
1000599,1,599,1.0,83.8953,0.03332
1000600,1,600,1.0,83.9267,0.03333
1000601,1,601,1.0,83.9579,0.03334
1000602,1,602,1.0,83.9892,0.03335
1000603,1,603,1.0,84.0205,0.03336
1000604,1,604,1.0,84.0517,0.03337
1000605,1,605,1.0,84.0829,0.03338
1000606,1,606,1.0,84.114,0.03339
1000607,1,607,1.0,84.1452,0.0334
1000608,1,608,1.0,84.1763,0.03341
1000609,1,609,1.0,84.2074,0.03342
1000610,1,610,1.0,84.2385,0.03344
1000611,1,611,1.0,84.2695,0.03345
1000612,1,612,1.0,84.3006,0.03346
1000613,1,613,1.0,84.3316,0.03347
1000614,1,614,1.0,84.3626,0.03348
1000615,1,615,1.0,84.3935,0.03349
1000616,1,616,1.0,84.4245,0.0335
1000617,1,617,1.0,84.4554,0.03351
1000618,1,618,1.0,84.4862,0.03352
1000619,1,619,1.0,84.5171,0.03353
1000620,1,620,1.0,84.5479,0.03354
1000621,1,621,1.0,84.5787,0.03356
1000622,1,622,1.0,84.6095,0.03357
1000623,1,623,1.0,84.6403,0.03358
1000624,1,624,1.0,84.671,0.03359
1000625,1,625,1.0,84.7017,0.0336
1000626,1,626,1.0,84.7324,0.03361
1000627,1,627,1.0,84.7631,0.03362
1000628,1,628,1.0,84.7937,0.03363
1000629,1,629,1.0,84.8243,0.03364
1000630,1,630,1.0,84.8549,0.03365
1000631,1,631,1.0,84.8855,0.03367
1000632,1,632,1.0,84.916,0.03368
1000633,1,633,1.0,84.9465,0.03369
1000634,1,634,1.0,84.977,0.0337
1000635,1,635,1.0,85.0075,0.03371
1000636,1,636,1.0,85.0379,0.03372
1000637,1,637,1.0,85.0683,0.03373
1000638,1,638,1.0,85.0987,0.03374
1000639,1,639,1.0,85.1291,0.03375
1000640,1,640,1.0,85.1594,0.03377
1000641,1,641,1.0,85.1897,0.03378
1000642,1,642,1.0,85.22,0.03379
1000643,1,643,1.0,85.2503,0.0338
1000644,1,644,1.0,85.2805,0.03381
1000645,1,645,1.0,85.3108,0.03382
1000646,1,646,1.0,85.341,0.03383
1000647,1,647,1.0,85.3711,0.03384
1000648,1,648,1.0,85.4013,0.03385
1000649,1,649,1.0,85.4314,0.03387
1000650,1,650,1.0,85.4615,0.03388
1000651,1,651,1.0,85.4916,0.03389
1000652,1,652,1.0,85.5217,0.0339
1000653,1,653,1.0,85.5517,0.03391
1000654,1,654,1.0,85.5817,0.03392
1000655,1,655,1.0,85.6117,0.03393
1000656,1,656,1.0,85.6417,0.03394
1000657,1,657,1.0,85.6716,0.03396
1000658,1,658,1.0,85.7015,0.03397
1000659,1,659,1.0,85.7314,0.03398
1000660,1,660,1.0,85.7613,0.03399
1000661,1,661,1.0,85.7912,0.034
1000662,1,662,1.0,85.821,0.03401
1000663,1,663,1.0,85.8508,0.03402
1000664,1,664,1.0,85.8806,0.03404
1000665,1,665,1.0,85.9104,0.03405
1000666,1,666,1.0,85.9401,0.03406
1000667,1,667,1.0,85.9698,0.03407
1000668,1,668,1.0,85.9995,0.03408
1000669,1,669,1.0,86.0292,0.03409
1000670,1,670,1.0,86.0589,0.0341
1000671,1,671,1.0,86.0885,0.03411
1000672,1,672,1.0,86.1181,0.03413
1000673,1,673,1.0,86.1477,0.03414
1000674,1,674,1.0,86.1773,0.03415
1000675,1,675,1.0,86.2068,0.03416
1000676,1,676,1.0,86.2363,0.03417
1000677,1,677,1.0,86.2659,0.03418
1000678,1,678,1.0,86.2954,0.03419
1000679,1,679,1.0,86.3248,0.03421
1000680,1,680,1.0,86.3543,0.03422
1000681,1,681,1.0,86.3837,0.03423
1000682,1,682,1.0,86.4131,0.03424
1000683,1,683,1.0,86.4425,0.03425
1000684,1,684,1.0,86.4719,0.03426
1000685,1,685,1.0,86.5012,0.03427
1000686,1,686,1.0,86.5306,0.03429
1000687,1,687,1.0,86.5599,0.0343
1000688,1,688,1.0,86.5892,0.03431
1000689,1,689,1.0,86.6184,0.03432
1000690,1,690,1.0,86.6477,0.03433
1000691,1,691,1.0,86.6769,0.03434
1000692,1,692,1.0,86.7061,0.03435
1000693,1,693,1.0,86.7353,0.03437
1000694,1,694,1.0,86.7645,0.03438
1000695,1,695,1.0,86.7937,0.03439
1000696,1,696,1.0,86.8228,0.0344
1000697,1,697,1.0,86.8519,0.03441
1000698,1,698,1.0,86.881,0.03442
1000699,1,699,1.0,86.9101,0.03443
1000700,1,700,1.0,86.9392,0.03445
1000701,1,701,1.0,86.9682,0.03446
1000702,1,702,1.0,86.9972,0.03447
1000703,1,703,1.0,87.0262,0.03448
1000704,1,704,1.0,87.0552,0.03449
1000705,1,705,1.0,87.0842,0.0345
1000706,1,706,1.0,87.1131,0.03451
1000707,1,707,1.0,87.142,0.03453
1000708,1,708,1.0,87.1709,0.03454
1000709,1,709,1.0,87.1998,0.03455
1000710,1,710,1.0,87.2287,0.03456
1000711,1,711,1.0,87.2575,0.03457
1000712,1,712,1.0,87.2863,0.03458
1000713,1,713,1.0,87.3151,0.03459
1000714,1,714,1.0,87.3439,0.03461
1000715,1,715,1.0,87.3727,0.03462
1000716,1,716,1.0,87.4014,0.03463
1000717,1,717,1.0,87.4302,0.03464
1000718,1,718,1.0,87.4589,0.03465
1000719,1,719,1.0,87.4876,0.03466
1000720,1,720,1.0,87.5162,0.03467
1000721,1,721,1.0,87.5449,0.03469
1000722,1,722,1.0,87.5735,0.0347
1000723,1,723,1.0,87.6021,0.03471
1000724,1,724,1.0,87.6307,0.03472
1000725,1,725,1.0,87.6593,0.03473
1000726,1,726,1.0,87.6878,0.03474
1000727,1,727,1.0,87.7164,0.03475
1000728,1,728,1.0,87.7449,0.03477
1000729,1,729,1.0,87.7734,0.03478
1000730,1,730,1.0,87.8018,0.03479
1000731,1,731,1.0,87.1303,0.03508
1000732,1,732,1.0,87.1587,0.03509
1000733,1,733,1.0,87.1871,0.0351
1000734,1,734,1.0,87.2155,0.03511
1000735,1,735,1.0,87.2439,0.03513
1000736,1,736,1.0,87.2722,0.03514
1000737,1,737,1.0,87.3006,0.03515
1000738,1,738,1.0,87.3289,0.03516
1000739,1,739,1.0,87.3571,0.03517
1000740,1,740,1.0,87.3854,0.03518
1000741,1,741,1.0,87.4136,0.03519
1000742,1,742,1.0,87.4419,0.03521
1000743,1,743,1.0,87.4701,0.03522
1000744,1,744,1.0,87.4982,0.03523
1000745,1,745,1.0,87.5264,0.03524
1000746,1,746,1.0,87.5545,0.03525
1000747,1,747,1.0,87.5826,0.03526
1000748,1,748,1.0,87.6107,0.03527
1000749,1,749,1.0,87.6388,0.03528
1000750,1,750,1.0,87.6668,0.0353
1000751,1,751,1.0,87.6948,0.03531
1000752,1,752,1.0,87.7228,0.03532
1000753,1,753,1.0,87.7508,0.03533
1000754,1,754,1.0,87.7788,0.03534
1000755,1,755,1.0,87.8067,0.03535
1000756,1,756,1.0,87.8346,0.03536
1000757,1,757,1.0,87.8625,0.03538
1000758,1,758,1.0,87.8903,0.03539
1000759,1,759,1.0,87.9181,0.0354
1000760,1,760,1.0,87.946,0.03541
1000761,1,761,1.0,87.9737,0.03542
1000762,1,762,1.0,88.0015,0.03543
1000763,1,763,1.0,88.0292,0.03544
1000764,1,764,1.0,88.057,0.03545
1000765,1,765,1.0,88.0846,0.03547
1000766,1,766,1.0,88.1123,0.03548
1000767,1,767,1.0,88.14,0.03549
1000768,1,768,1.0,88.1676,0.0355
1000769,1,769,1.0,88.1952,0.03551
1000770,1,770,1.0,88.2228,0.03552
1000771,1,771,1.0,88.2503,0.03553
1000772,1,772,1.0,88.2778,0.03555
1000773,1,773,1.0,88.3053,0.03556
1000774,1,774,1.0,88.3328,0.03557
1000775,1,775,1.0,88.3603,0.03558
1000776,1,776,1.0,88.3877,0.03559
1000777,1,777,1.0,88.4151,0.0356
1000778,1,778,1.0,88.4425,0.03561
1000779,1,779,1.0,88.4699,0.03562
1000780,1,780,1.0,88.4972,0.03564
1000781,1,781,1.0,88.5245,0.03565
1000782,1,782,1.0,88.5518,0.03566
1000783,1,783,1.0,88.5791,0.03567
1000784,1,784,1.0,88.6063,0.03568
1000785,1,785,1.0,88.6335,0.03569
1000786,1,786,1.0,88.6607,0.0357
1000787,1,787,1.0,88.6879,0.03571
1000788,1,788,1.0,88.715,0.03572
1000789,1,789,1.0,88.7422,0.03574
1000790,1,790,1.0,88.7693,0.03575
1000791,1,791,1.0,88.7964,0.03576
1000792,1,792,1.0,88.8234,0.03577
1000793,1,793,1.0,88.8504,0.03578
1000794,1,794,1.0,88.8775,0.03579
1000795,1,795,1.0,88.9044,0.0358
1000796,1,796,1.0,88.9314,0.03581
1000797,1,797,1.0,88.9584,0.03582
1000798,1,798,1.0,88.9853,0.03584
1000799,1,799,1.0,89.0122,0.03585
1000800,1,800,1.0,89.0391,0.03586
1000801,1,801,1.0,89.0659,0.03587
1000802,1,802,1.0,89.0927,0.03588
1000803,1,803,1.0,89.1195,0.03589
1000804,1,804,1.0,89.1463,0.0359
1000805,1,805,1.0,89.1731,0.03591
1000806,1,806,1.0,89.1998,0.03592
1000807,1,807,1.0,89.2266,0.03593
1000808,1,808,1.0,89.2533,0.03595
1000809,1,809,1.0,89.2799,0.03596
1000810,1,810,1.0,89.3066,0.03597
1000811,1,811,1.0,89.3332,0.03598
1000812,1,812,1.0,89.3598,0.03599
1000813,1,813,1.0,89.3864,0.036
1000814,1,814,1.0,89.413,0.03601
1000815,1,815,1.0,89.4395,0.03602
1000816,1,816,1.0,89.466,0.03603
1000817,1,817,1.0,89.4925,0.03604
1000818,1,818,1.0,89.519,0.03605
1000819,1,819,1.0,89.5455,0.03607
1000820,1,820,1.0,89.5719,0.03608
1000821,1,821,1.0,89.5983,0.03609
1000822,1,822,1.0,89.6247,0.0361
1000823,1,823,1.0,89.651,0.03611
1000824,1,824,1.0,89.6774,0.03612
1000825,1,825,1.0,89.7037,0.03613
1000826,1,826,1.0,89.73,0.03614
1000827,1,827,1.0,89.7563,0.03615
1000828,1,828,1.0,89.7825,0.03616
1000829,1,829,1.0,89.8087,0.03617
1000830,1,830,1.0,89.8349,0.03618
1000831,1,831,1.0,89.8611,0.0362
1000832,1,832,1.0,89.8873,0.03621
1000833,1,833,1.0,89.9134,0.03622
1000834,1,834,1.0,89.9395,0.03623
1000835,1,835,1.0,89.9656,0.03624
1000836,1,836,1.0,89.9917,0.03625
1000837,1,837,1.0,90.0177,0.03626
1000838,1,838,1.0,90.0437,0.03627
1000839,1,839,1.0,90.0697,0.03628
1000840,1,840,1.0,90.0957,0.03629
1000841,1,841,1.0,90.1216,0.0363
1000842,1,842,1.0,90.1476,0.03631
1000843,1,843,1.0,90.1735,0.03632
1000844,1,844,1.0,90.1994,0.03633
1000845,1,845,1.0,90.2252,0.03634
1000846,1,846,1.0,90.251,0.03636
1000847,1,847,1.0,90.2769,0.03637
1000848,1,848,1.0,90.3026,0.03638
1000849,1,849,1.0,90.3284,0.03639
1000850,1,850,1.0,90.3541,0.0364
1000851,1,851,1.0,90.3799,0.03641
1000852,1,852,1.0,90.4056,0.03642
1000853,1,853,1.0,90.4312,0.03643
1000854,1,854,1.0,90.4569,0.03644
1000855,1,855,1.0,90.4825,0.03645
1000856,1,856,1.0,90.5081,0.03646
1000857,1,857,1.0,90.5337,0.03647
1000858,1,858,1.0,90.5592,0.03648
1000859,1,859,1.0,90.5848,0.03649
1000860,1,860,1.0,90.6103,0.0365
1000861,1,861,1.0,90.6358,0.03651
1000862,1,862,1.0,90.6612,0.03652
1000863,1,863,1.0,90.6867,0.03653
1000864,1,864,1.0,90.7121,0.03654
1000865,1,865,1.0,90.7375,0.03655
1000866,1,866,1.0,90.7628,0.03656
1000867,1,867,1.0,90.7882,0.03657
1000868,1,868,1.0,90.8135,0.03659
1000869,1,869,1.0,90.8388,0.0366
1000870,1,870,1.0,90.8641,0.03661
1000871,1,871,1.0,90.8893,0.03662
1000872,1,872,1.0,90.9146,0.03663
1000873,1,873,1.0,90.9398,0.03664
1000874,1,874,1.0,90.965,0.03665
1000875,1,875,1.0,90.9901,0.03666
1000876,1,876,1.0,91.0153,0.03667
1000877,1,877,1.0,91.0404,0.03668
1000878,1,878,1.0,91.0655,0.03669
1000879,1,879,1.0,91.0905,0.0367
1000880,1,880,1.0,91.1156,0.03671
1000881,1,881,1.0,91.1406,0.03672
1000882,1,882,1.0,91.1656,0.03673
1000883,1,883,1.0,91.1906,0.03674
1000884,1,884,1.0,91.2155,0.03675
1000885,1,885,1.0,91.2405,0.03676
1000886,1,886,1.0,91.2654,0.03677
1000887,1,887,1.0,91.2903,0.03678
1000888,1,888,1.0,91.3151,0.03679
1000889,1,889,1.0,91.34,0.0368
1000890,1,890,1.0,91.3648,0.03681
1000891,1,891,1.0,91.3896,0.03682
1000892,1,892,1.0,91.4144,0.03683
1000893,1,893,1.0,91.4391,0.03684
1000894,1,894,1.0,91.4639,0.03685
1000895,1,895,1.0,91.4886,0.03686
1000896,1,896,1.0,91.5133,0.03687
1000897,1,897,1.0,91.5379,0.03688
1000898,1,898,1.0,91.5626,0.03689
1000899,1,899,1.0,91.5872,0.0369
1000900,1,900,1.0,91.6118,0.03691
1000901,1,901,1.0,91.6364,0.03692
1000902,1,902,1.0,91.6609,0.03693
1000903,1,903,1.0,91.6855,0.03694
1000904,1,904,1.0,91.71,0.03695
1000905,1,905,1.0,91.7345,0.03696
1000906,1,906,1.0,91.759,0.03697
1000907,1,907,1.0,91.7834,0.03698
1000908,1,908,1.0,91.8078,0.03699
1000909,1,909,1.0,91.8323,0.037
1000910,1,910,1.0,91.8566,0.03701
1000911,1,911,1.0,91.881,0.03702
1000912,1,912,1.0,91.9053,0.03703
1000913,1,913,1.0,91.9297,0.03704
1000914,1,914,1.0,91.954,0.03705
1000915,1,915,1.0,91.9783,0.03706
1000916,1,916,1.0,92.0025,0.03707
1000917,1,917,1.0,92.0268,0.03708
1000918,1,918,1.0,92.051,0.03709
1000919,1,919,1.0,92.0752,0.0371
1000920,1,920,1.0,92.0993,0.03711
1000921,1,921,1.0,92.1235,0.03711
1000922,1,922,1.0,92.1476,0.03712
1000923,1,923,1.0,92.1717,0.03713
1000924,1,924,1.0,92.1958,0.03714
1000925,1,925,1.0,92.2199,0.03715
1000926,1,926,1.0,92.244,0.03716
1000927,1,927,1.0,92.268,0.03717
1000928,1,928,1.0,92.292,0.03718
1000929,1,929,1.0,92.316,0.03719
1000930,1,930,1.0,92.34,0.0372
1000931,1,931,1.0,92.3639,0.03721
1000932,1,932,1.0,92.3879,0.03722
1000933,1,933,1.0,92.4118,0.03723
1000934,1,934,1.0,92.4357,0.03724
1000935,1,935,1.0,92.4595,0.03725
1000936,1,936,1.0,92.4834,0.03726
1000937,1,937,1.0,92.5072,0.03727
1000938,1,938,1.0,92.531,0.03728
1000939,1,939,1.0,92.5548,0.03729
1000940,1,940,1.0,92.5786,0.0373
1000941,1,941,1.0,92.6023,0.0373
1000942,1,942,1.0,92.6261,0.03731
1000943,1,943,1.0,92.6498,0.03732
1000944,1,944,1.0,92.6735,0.03733
1000945,1,945,1.0,92.6971,0.03734
1000946,1,946,1.0,92.7208,0.03735
1000947,1,947,1.0,92.7444,0.03736
1000948,1,948,1.0,92.768,0.03737
1000949,1,949,1.0,92.7916,0.03738
1000950,1,950,1.0,92.8152,0.03739
1000951,1,951,1.0,92.8388,0.0374
1000952,1,952,1.0,92.8623,0.03741
1000953,1,953,1.0,92.8858,0.03742
1000954,1,954,1.0,92.9093,0.03743
1000955,1,955,1.0,92.9328,0.03743
1000956,1,956,1.0,92.9562,0.03744
1000957,1,957,1.0,92.9797,0.03745
1000958,1,958,1.0,93.0031,0.03746
1000959,1,959,1.0,93.0265,0.03747
1000960,1,960,1.0,93.0499,0.03748
1000961,1,961,1.0,93.0732,0.03749
1000962,1,962,1.0,93.0966,0.0375
1000963,1,963,1.0,93.1199,0.03751
1000964,1,964,1.0,93.1432,0.03752
1000965,1,965,1.0,93.1665,0.03753
1000966,1,966,1.0,93.1898,0.03753
1000967,1,967,1.0,93.213,0.03754
1000968,1,968,1.0,93.2363,0.03755
1000969,1,969,1.0,93.2595,0.03756
1000970,1,970,1.0,93.2827,0.03757
1000971,1,971,1.0,93.3059,0.03758
1000972,1,972,1.0,93.329,0.03759
1000973,1,973,1.0,93.3522,0.0376
1000974,1,974,1.0,93.3753,0.03761
1000975,1,975,1.0,93.3984,0.03762
1000976,1,976,1.0,93.4215,0.03762
1000977,1,977,1.0,93.4446,0.03763
1000978,1,978,1.0,93.4676,0.03764
1000979,1,979,1.0,93.4906,0.03765
1000980,1,980,1.0,93.5137,0.03766
1000981,1,981,1.0,93.5367,0.03767
1000982,1,982,1.0,93.5596,0.03768
1000983,1,983,1.0,93.5826,0.03769
1000984,1,984,1.0,93.6056,0.03769
1000985,1,985,1.0,93.6285,0.0377
1000986,1,986,1.0,93.6514,0.03771
1000987,1,987,1.0,93.6743,0.03772
1000988,1,988,1.0,93.6972,0.03773
1000989,1,989,1.0,93.7201,0.03774
1000990,1,990,1.0,93.7429,0.03775
1000991,1,991,1.0,93.7658,0.03776
1000992,1,992,1.0,93.7886,0.03776
1000993,1,993,1.0,93.8114,0.03777
1000994,1,994,1.0,93.8342,0.03778
1000995,1,995,1.0,93.8569,0.03779
1000996,1,996,1.0,93.8797,0.0378
1000997,1,997,1.0,93.9024,0.03781
1000998,1,998,1.0,93.9252,0.03782
1000999,1,999,1.0,93.9479,0.03782
1001000,1,1000,1.0,93.9706,0.03783
1001001,1,1001,1.0,93.9932,0.03784
1001002,1,1002,1.0,94.0159,0.03785
1001003,1,1003,1.0,94.0385,0.03786
1001004,1,1004,1.0,94.0612,0.03787
1001005,1,1005,1.0,94.0838,0.03788
1001006,1,1006,1.0,94.1064,0.03788
1001007,1,1007,1.0,94.129,0.03789
1001008,1,1008,1.0,94.1516,0.0379
1001009,1,1009,1.0,94.1741,0.03791
1001010,1,1010,1.0,94.1967,0.03792
1001011,1,1011,1.0,94.2192,0.03793
1001012,1,1012,1.0,94.2417,0.03793
1001013,1,1013,1.0,94.2642,0.03794
1001014,1,1014,1.0,94.2867,0.03795
1001015,1,1015,1.0,94.3092,0.03796
1001016,1,1016,1.0,94.3317,0.03797
1001017,1,1017,1.0,94.3541,0.03798
1001018,1,1018,1.0,94.3765,0.03798
1001019,1,1019,1.0,94.399,0.03799
1001020,1,1020,1.0,94.4214,0.038
1001021,1,1021,1.0,94.4438,0.03801
1001022,1,1022,1.0,94.4662,0.03802
1001023,1,1023,1.0,94.4885,0.03802
1001024,1,1024,1.0,94.5109,0.03803
1001025,1,1025,1.0,94.5332,0.03804
1001026,1,1026,1.0,94.5556,0.03805
1001027,1,1027,1.0,94.5779,0.03806
1001028,1,1028,1.0,94.6002,0.03807
1001029,1,1029,1.0,94.6225,0.03807
1001030,1,1030,1.0,94.6447,0.03808
1001031,1,1031,1.0,94.667,0.03809
1001032,1,1032,1.0,94.6893,0.0381
1001033,1,1033,1.0,94.7115,0.03811
1001034,1,1034,1.0,94.7337,0.03811
1001035,1,1035,1.0,94.7559,0.03812
1001036,1,1036,1.0,94.7782,0.03813
1001037,1,1037,1.0,94.8003,0.03814
1001038,1,1038,1.0,94.8225,0.03815
1001039,1,1039,1.0,94.8447,0.03815
1001040,1,1040,1.0,94.8668,0.03816
1001041,1,1041,1.0,94.889,0.03817
1001042,1,1042,1.0,94.9111,0.03818
1001043,1,1043,1.0,94.9332,0.03819
1001044,1,1044,1.0,94.9553,0.03819
1001045,1,1045,1.0,94.9774,0.0382
1001046,1,1046,1.0,94.9995,0.03821
1001047,1,1047,1.0,95.0216,0.03822
1001048,1,1048,1.0,95.0436,0.03822
1001049,1,1049,1.0,95.0657,0.03823
1001050,1,1050,1.0,95.0877,0.03824
1001051,1,1051,1.0,95.1097,0.03825
1001052,1,1052,1.0,95.1317,0.03826
1001053,1,1053,1.0,95.1537,0.03826
1001054,1,1054,1.0,95.1757,0.03827
1001055,1,1055,1.0,95.1977,0.03828
1001056,1,1056,1.0,95.2197,0.03829
1001057,1,1057,1.0,95.2416,0.03829
1001058,1,1058,1.0,95.2636,0.0383
1001059,1,1059,1.0,95.2855,0.03831
1001060,1,1060,1.0,95.3074,0.03832
1001061,1,1061,1.0,95.3293,0.03833
1001062,1,1062,1.0,95.3512,0.03833
1001063,1,1063,1.0,95.3731,0.03834
1001064,1,1064,1.0,95.3949,0.03835
1001065,1,1065,1.0,95.4168,0.03836
1001066,1,1066,1.0,95.4386,0.03836
1001067,1,1067,1.0,95.4605,0.03837
1001068,1,1068,1.0,95.4823,0.03838
1001069,1,1069,1.0,95.5041,0.03839
1001070,1,1070,1.0,95.5259,0.03839
1001071,1,1071,1.0,95.5477,0.0384
1001072,1,1072,1.0,95.5695,0.03841
1001073,1,1073,1.0,95.5913,0.03842
1001074,1,1074,1.0,95.613,0.03842
1001075,1,1075,1.0,95.6348,0.03843
1001076,1,1076,1.0,95.6565,0.03844
1001077,1,1077,1.0,95.6782,0.03845
1001078,1,1078,1.0,95.6999,0.03845
1001079,1,1079,1.0,95.7216,0.03846
1001080,1,1080,1.0,95.7433,0.03847
1001081,1,1081,1.0,95.765,0.03848
1001082,1,1082,1.0,95.7867,0.03848
1001083,1,1083,1.0,95.8083,0.03849
1001084,1,1084,1.0,95.83,0.0385
1001085,1,1085,1.0,95.8516,0.0385
1001086,1,1086,1.0,95.8732,0.03851
1001087,1,1087,1.0,95.8948,0.03852
1001088,1,1088,1.0,95.9165,0.03853
1001089,1,1089,1.0,95.938,0.03853
1001090,1,1090,1.0,95.9596,0.03854
1001091,1,1091,1.0,95.9812,0.03855
1001092,1,1092,1.0,96.0028,0.03856
1001093,1,1093,1.0,96.0243,0.03856
1001094,1,1094,1.0,96.0459,0.03857
1001095,1,1095,1.0,96.0674,0.03858
1001096,1,1096,1.0,96.0889,0.03858
1001097,1,1097,1.0,96.1104,0.03859
1001098,1,1098,1.0,96.1319,0.0386
1001099,1,1099,1.0,96.1534,0.03861
1001100,1,1100,1.0,96.1749,0.03861
1001101,1,1101,1.0,96.1964,0.03862
1001102,1,1102,1.0,96.2178,0.03863
1001103,1,1103,1.0,96.2393,0.03863
1001104,1,1104,1.0,96.2607,0.03864
1001105,1,1105,1.0,96.2821,0.03865
1001106,1,1106,1.0,96.3035,0.03866
1001107,1,1107,1.0,96.325,0.03866
1001108,1,1108,1.0,96.3464,0.03867
1001109,1,1109,1.0,96.3677,0.03868
1001110,1,1110,1.0,96.3891,0.03868
1001111,1,1111,1.0,96.4105,0.03869
1001112,1,1112,1.0,96.4318,0.0387
1001113,1,1113,1.0,96.4532,0.0387
1001114,1,1114,1.0,96.4745,0.03871
1001115,1,1115,1.0,96.4958,0.03872
1001116,1,1116,1.0,96.5172,0.03873
1001117,1,1117,1.0,96.5385,0.03873
1001118,1,1118,1.0,96.5598,0.03874
1001119,1,1119,1.0,96.581,0.03875
1001120,1,1120,1.0,96.6023,0.03875
1001121,1,1121,1.0,96.6236,0.03876
1001122,1,1122,1.0,96.6448,0.03877
1001123,1,1123,1.0,96.6661,0.03877
1001124,1,1124,1.0,96.6873,0.03878
1001125,1,1125,1.0,96.7085,0.03879
1001126,1,1126,1.0,96.7298,0.03879
1001127,1,1127,1.0,96.751,0.0388
1001128,1,1128,1.0,96.7722,0.03881
1001129,1,1129,1.0,96.7933,0.03881
1001130,1,1130,1.0,96.8145,0.03882
1001131,1,1131,1.0,96.8357,0.03883
1001132,1,1132,1.0,96.8568,0.03883
1001133,1,1133,1.0,96.878,0.03884
1001134,1,1134,1.0,96.8991,0.03885
1001135,1,1135,1.0,96.9203,0.03885
1001136,1,1136,1.0,96.9414,0.03886
1001137,1,1137,1.0,96.9625,0.03887
1001138,1,1138,1.0,96.9836,0.03887
1001139,1,1139,1.0,97.0047,0.03888
1001140,1,1140,1.0,97.0258,0.03889
1001141,1,1141,1.0,97.0468,0.03889
1001142,1,1142,1.0,97.0679,0.0389
1001143,1,1143,1.0,97.0889,0.03891
1001144,1,1144,1.0,97.11,0.03891
1001145,1,1145,1.0,97.131,0.03892
1001146,1,1146,1.0,97.1521,0.03893
1001147,1,1147,1.0,97.1731,0.03893
1001148,1,1148,1.0,97.1941,0.03894
1001149,1,1149,1.0,97.2151,0.03895
1001150,1,1150,1.0,97.2361,0.03895
1001151,1,1151,1.0,97.257,0.03896
1001152,1,1152,1.0,97.278,0.03897
1001153,1,1153,1.0,97.299,0.03897
1001154,1,1154,1.0,97.3199,0.03898
1001155,1,1155,1.0,97.3409,0.03899
1001156,1,1156,1.0,97.3618,0.03899
1001157,1,1157,1.0,97.3827,0.039
1001158,1,1158,1.0,97.4036,0.03901
1001159,1,1159,1.0,97.4245,0.03901
1001160,1,1160,1.0,97.4454,0.03902
1001161,1,1161,1.0,97.4663,0.03902
1001162,1,1162,1.0,97.4872,0.03903
1001163,1,1163,1.0,97.5081,0.03904
1001164,1,1164,1.0,97.5289,0.03904
1001165,1,1165,1.0,97.5498,0.03905
1001166,1,1166,1.0,97.5706,0.03906
1001167,1,1167,1.0,97.5914,0.03906
1001168,1,1168,1.0,97.6123,0.03907
1001169,1,1169,1.0,97.6331,0.03908
1001170,1,1170,1.0,97.6539,0.03908
1001171,1,1171,1.0,97.6747,0.03909
1001172,1,1172,1.0,97.6954,0.03909
1001173,1,1173,1.0,97.7162,0.0391
1001174,1,1174,1.0,97.737,0.03911
1001175,1,1175,1.0,97.7577,0.03911
1001176,1,1176,1.0,97.7785,0.03912
1001177,1,1177,1.0,97.7992,0.03913
1001178,1,1178,1.0,97.8199,0.03913
1001179,1,1179,1.0,97.8406,0.03914
1001180,1,1180,1.0,97.8614,0.03914
1001181,1,1181,1.0,97.8821,0.03915
1001182,1,1182,1.0,97.9027,0.03916
1001183,1,1183,1.0,97.9234,0.03916
1001184,1,1184,1.0,97.9441,0.03917
1001185,1,1185,1.0,97.9647,0.03917
1001186,1,1186,1.0,97.9854,0.03918
1001187,1,1187,1.0,98.006,0.03919
1001188,1,1188,1.0,98.0267,0.03919
1001189,1,1189,1.0,98.0473,0.0392
1001190,1,1190,1.0,98.0679,0.0392
1001191,1,1191,1.0,98.0885,0.03921
1001192,1,1192,1.0,98.1091,0.03922
1001193,1,1193,1.0,98.1297,0.03922
1001194,1,1194,1.0,98.1503,0.03923
1001195,1,1195,1.0,98.1708,0.03924
1001196,1,1196,1.0,98.1914,0.03924
1001197,1,1197,1.0,98.2119,0.03925
1001198,1,1198,1.0,98.2325,0.03925
1001199,1,1199,1.0,98.253,0.03926
1001200,1,1200,1.0,98.2735,0.03927
1001201,1,1201,1.0,98.294,0.03927
1001202,1,1202,1.0,98.3145,0.03928
1001203,1,1203,1.0,98.335,0.03928
1001204,1,1204,1.0,98.3555,0.03929
1001205,1,1205,1.0,98.3759,0.03929
1001206,1,1206,1.0,98.3964,0.0393
1001207,1,1207,1.0,98.4169,0.03931
1001208,1,1208,1.0,98.4373,0.03931
1001209,1,1209,1.0,98.4577,0.03932
1001210,1,1210,1.0,98.4782,0.03932
1001211,1,1211,1.0,98.4986,0.03933
1001212,1,1212,1.0,98.519,0.03934
1001213,1,1213,1.0,98.5394,0.03934
1001214,1,1214,1.0,98.5598,0.03935
1001215,1,1215,1.0,98.5801,0.03935
1001216,1,1216,1.0,98.6005,0.03936
1001217,1,1217,1.0,98.6209,0.03937
1001218,1,1218,1.0,98.6412,0.03937
1001219,1,1219,1.0,98.6615,0.03938
1001220,1,1220,1.0,98.6819,0.03938
1001221,1,1221,1.0,98.7022,0.03939
1001222,1,1222,1.0,98.7225,0.03939
1001223,1,1223,1.0,98.7428,0.0394
1001224,1,1224,1.0,98.7631,0.03941
1001225,1,1225,1.0,98.7834,0.03941
1001226,1,1226,1.0,98.8036,0.03942
1001227,1,1227,1.0,98.8239,0.03942
1001228,1,1228,1.0,98.8442,0.03943
1001229,1,1229,1.0,98.8644,0.03943
1001230,1,1230,1.0,98.8846,0.03944
1001231,1,1231,1.0,98.9049,0.03945
1001232,1,1232,1.0,98.9251,0.03945
1001233,1,1233,1.0,98.9453,0.03946
1001234,1,1234,1.0,98.9655,0.03946
1001235,1,1235,1.0,98.9857,0.03947
1001236,1,1236,1.0,99.0058,0.03947
1001237,1,1237,1.0,99.026,0.03948
1001238,1,1238,1.0,99.0461,0.03949
1001239,1,1239,1.0,99.0663,0.03949
1001240,1,1240,1.0,99.0864,0.0395
1001241,1,1241,1.0,99.1065,0.0395
1001242,1,1242,1.0,99.1267,0.03951
1001243,1,1243,1.0,99.1468,0.03951
1001244,1,1244,1.0,99.1669,0.03952
1001245,1,1245,1.0,99.1869,0.03952
1001246,1,1246,1.0,99.207,0.03953
1001247,1,1247,1.0,99.2271,0.03954
1001248,1,1248,1.0,99.2471,0.03954
1001249,1,1249,1.0,99.2672,0.03955
1001250,1,1250,1.0,99.2872,0.03955
1001251,1,1251,1.0,99.3072,0.03956
1001252,1,1252,1.0,99.3272,0.03956
1001253,1,1253,1.0,99.3472,0.03957
1001254,1,1254,1.0,99.3672,0.03957
1001255,1,1255,1.0,99.3872,0.03958
1001256,1,1256,1.0,99.4072,0.03958
1001257,1,1257,1.0,99.4272,0.03959
1001258,1,1258,1.0,99.4471,0.0396
1001259,1,1259,1.0,99.4671,0.0396
1001260,1,1260,1.0,99.487,0.03961
1001261,1,1261,1.0,99.5069,0.03961
1001262,1,1262,1.0,99.5268,0.03962
1001263,1,1263,1.0,99.5467,0.03962
1001264,1,1264,1.0,99.5666,0.03963
1001265,1,1265,1.0,99.5865,0.03963
1001266,1,1266,1.0,99.6064,0.03964
1001267,1,1267,1.0,99.6262,0.03964
1001268,1,1268,1.0,99.6461,0.03965
1001269,1,1269,1.0,99.666,0.03966
1001270,1,1270,1.0,99.6858,0.03966
1001271,1,1271,1.0,99.7056,0.03967
1001272,1,1272,1.0,99.7254,0.03967
1001273,1,1273,1.0,99.7452,0.03968
1001274,1,1274,1.0,99.765,0.03968
1001275,1,1275,1.0,99.7848,0.03969
1001276,1,1276,1.0,99.8046,0.03969
1001277,1,1277,1.0,99.8244,0.0397
1001278,1,1278,1.0,99.8441,0.0397
1001279,1,1279,1.0,99.8639,0.03971
1001280,1,1280,1.0,99.8836,0.03971
1001281,1,1281,1.0,99.9034,0.03972
1001282,1,1282,1.0,99.9231,0.03972
1001283,1,1283,1.0,99.9428,0.03973
1001284,1,1284,1.0,99.9625,0.03973
1001285,1,1285,1.0,99.9822,0.03974
1001286,1,1286,1.0,100.0019,0.03975
1001287,1,1287,1.0,100.0216,0.03975
1001288,1,1288,1.0,100.0412,0.03976
1001289,1,1289,1.0,100.0609,0.03976
1001290,1,1290,1.0,100.0805,0.03977
1001291,1,1291,1.0,100.1002,0.03977
1001292,1,1292,1.0,100.1198,0.03978
1001293,1,1293,1.0,100.1394,0.03978
1001294,1,1294,1.0,100.1591,0.03979
1001295,1,1295,1.0,100.1787,0.03979
1001296,1,1296,1.0,100.1983,0.0398
1001297,1,1297,1.0,100.2178,0.0398
1001298,1,1298,1.0,100.2374,0.03981
1001299,1,1299,1.0,100.257,0.03981
1001300,1,1300,1.0,100.2765,0.03982
1001301,1,1301,1.0,100.2961,0.03982
1001302,1,1302,1.0,100.3156,0.03983
1001303,1,1303,1.0,100.3352,0.03983
1001304,1,1304,1.0,100.3547,0.03984
1001305,1,1305,1.0,100.3742,0.03984
1001306,1,1306,1.0,100.3937,0.03985
1001307,1,1307,1.0,100.4132,0.03985
1001308,1,1308,1.0,100.4327,0.03986
1001309,1,1309,1.0,100.4522,0.03986
1001310,1,1310,1.0,100.4717,0.03987
1001311,1,1311,1.0,100.4911,0.03987
1001312,1,1312,1.0,100.5106,0.03988
1001313,1,1313,1.0,100.53,0.03988
1001314,1,1314,1.0,100.5495,0.03989
1001315,1,1315,1.0,100.5689,0.0399
1001316,1,1316,1.0,100.5883,0.0399
1001317,1,1317,1.0,100.6077,0.03991
1001318,1,1318,1.0,100.6271,0.03991
1001319,1,1319,1.0,100.6465,0.03992
1001320,1,1320,1.0,100.6659,0.03992
1001321,1,1321,1.0,100.6853,0.03993
1001322,1,1322,1.0,100.7046,0.03993
1001323,1,1323,1.0,100.724,0.03994
1001324,1,1324,1.0,100.7434,0.03994
1001325,1,1325,1.0,100.7627,0.03995
1001326,1,1326,1.0,100.782,0.03995
1001327,1,1327,1.0,100.8013,0.03996
1001328,1,1328,1.0,100.8207,0.03996
1001329,1,1329,1.0,100.84,0.03997
1001330,1,1330,1.0,100.8593,0.03997
1001331,1,1331,1.0,100.8786,0.03998
1001332,1,1332,1.0,100.8978,0.03998
1001333,1,1333,1.0,100.9171,0.03999
1001334,1,1334,1.0,100.9364,0.03999
1001335,1,1335,1.0,100.9556,0.04
1001336,1,1336,1.0,100.9749,0.04
1001337,1,1337,1.0,100.9941,0.04001
1001338,1,1338,1.0,101.0134,0.04001
1001339,1,1339,1.0,101.0326,0.04002
1001340,1,1340,1.0,101.0518,0.04002
1001341,1,1341,1.0,101.071,0.04003
1001342,1,1342,1.0,101.0902,0.04003
1001343,1,1343,1.0,101.1094,0.04004
1001344,1,1344,1.0,101.1286,0.04004
1001345,1,1345,1.0,101.1477,0.04004
1001346,1,1346,1.0,101.1669,0.04005
1001347,1,1347,1.0,101.1861,0.04005
1001348,1,1348,1.0,101.2052,0.04006
1001349,1,1349,1.0,101.2244,0.04006
1001350,1,1350,1.0,101.2435,0.04007
1001351,1,1351,1.0,101.2626,0.04007
1001352,1,1352,1.0,101.2817,0.04008
1001353,1,1353,1.0,101.3008,0.04008
1001354,1,1354,1.0,101.32,0.04009
1001355,1,1355,1.0,101.339,0.04009
1001356,1,1356,1.0,101.3581,0.0401
1001357,1,1357,1.0,101.3772,0.0401
1001358,1,1358,1.0,101.3963,0.04011
1001359,1,1359,1.0,101.4153,0.04011
1001360,1,1360,1.0,101.4344,0.04012
1001361,1,1361,1.0,101.4535,0.04012
1001362,1,1362,1.0,101.4725,0.04013
1001363,1,1363,1.0,101.4915,0.04013
1001364,1,1364,1.0,101.5106,0.04014
1001365,1,1365,1.0,101.5296,0.04014
1001366,1,1366,1.0,101.5486,0.04015
1001367,1,1367,1.0,101.5676,0.04015
1001368,1,1368,1.0,101.5866,0.04016
1001369,1,1369,1.0,101.6056,0.04016
1001370,1,1370,1.0,101.6246,0.04017
1001371,1,1371,1.0,101.6435,0.04017
1001372,1,1372,1.0,101.6625,0.04018
1001373,1,1373,1.0,101.6815,0.04018
1001374,1,1374,1.0,101.7004,0.04019
1001375,1,1375,1.0,101.7194,0.04019
1001376,1,1376,1.0,101.7383,0.0402
1001377,1,1377,1.0,101.7572,0.0402
1001378,1,1378,1.0,101.7762,0.0402
1001379,1,1379,1.0,101.7951,0.04021
1001380,1,1380,1.0,101.814,0.04021
1001381,1,1381,1.0,101.8329,0.04022
1001382,1,1382,1.0,101.8518,0.04022
1001383,1,1383,1.0,101.8707,0.04023
1001384,1,1384,1.0,101.8896,0.04023
1001385,1,1385,1.0,101.9085,0.04024
1001386,1,1386,1.0,101.9274,0.04024
1001387,1,1387,1.0,101.9462,0.04025
1001388,1,1388,1.0,101.9651,0.04025
1001389,1,1389,1.0,101.9839,0.04026
1001390,1,1390,1.0,102.0028,0.04026
1001391,1,1391,1.0,102.0216,0.04027
1001392,1,1392,1.0,102.0405,0.04027
1001393,1,1393,1.0,102.0593,0.04028
1001394,1,1394,1.0,102.0781,0.04028
1001395,1,1395,1.0,102.097,0.04029
1001396,1,1396,1.0,102.1158,0.04029
1001397,1,1397,1.0,102.1346,0.0403
1001398,1,1398,1.0,102.1534,0.0403
1001399,1,1399,1.0,102.1722,0.0403
1001400,1,1400,1.0,102.191,0.04031
1001401,1,1401,1.0,102.2097,0.04031
1001402,1,1402,1.0,102.2285,0.04032
1001403,1,1403,1.0,102.2473,0.04032
1001404,1,1404,1.0,102.2661,0.04033
1001405,1,1405,1.0,102.2848,0.04033
1001406,1,1406,1.0,102.3036,0.04034
1001407,1,1407,1.0,102.3223,0.04034
1001408,1,1408,1.0,102.3411,0.04035
1001409,1,1409,1.0,102.3598,0.04035
1001410,1,1410,1.0,102.3785,0.04036
1001411,1,1411,1.0,102.3972,0.04036
1001412,1,1412,1.0,102.416,0.04037
1001413,1,1413,1.0,102.4347,0.04037
1001414,1,1414,1.0,102.4534,0.04037
1001415,1,1415,1.0,102.4721,0.04038
1001416,1,1416,1.0,102.4908,0.04038
1001417,1,1417,1.0,102.5095,0.04039
1001418,1,1418,1.0,102.5282,0.04039
1001419,1,1419,1.0,102.5469,0.0404
1001420,1,1420,1.0,102.5655,0.0404
1001421,1,1421,1.0,102.5842,0.04041
1001422,1,1422,1.0,102.6029,0.04041
1001423,1,1423,1.0,102.6215,0.04042
1001424,1,1424,1.0,102.6402,0.04042
1001425,1,1425,1.0,102.6588,0.04043
1001426,1,1426,1.0,102.6775,0.04043
1001427,1,1427,1.0,102.6961,0.04044
1001428,1,1428,1.0,102.7148,0.04044
1001429,1,1429,1.0,102.7334,0.04044
1001430,1,1430,1.0,102.752,0.04045
1001431,1,1431,1.0,102.7706,0.04045
1001432,1,1432,1.0,102.7893,0.04046
1001433,1,1433,1.0,102.8079,0.04046
1001434,1,1434,1.0,102.8265,0.04047
1001435,1,1435,1.0,102.8451,0.04047
1001436,1,1436,1.0,102.8637,0.04048
1001437,1,1437,1.0,102.8823,0.04048
1001438,1,1438,1.0,102.9009,0.04049
1001439,1,1439,1.0,102.9195,0.04049
1001440,1,1440,1.0,102.938,0.0405
1001441,1,1441,1.0,102.9566,0.0405
1001442,1,1442,1.0,102.9752,0.0405
1001443,1,1443,1.0,102.9938,0.04051
1001444,1,1444,1.0,103.0123,0.04051
1001445,1,1445,1.0,103.0309,0.04052
1001446,1,1446,1.0,103.0494,0.04052
1001447,1,1447,1.0,103.068,0.04053
1001448,1,1448,1.0,103.0865,0.04053
1001449,1,1449,1.0,103.1051,0.04054
1001450,1,1450,1.0,103.1236,0.04054
1001451,1,1451,1.0,103.1421,0.04055
1001452,1,1452,1.0,103.1607,0.04055
1001453,1,1453,1.0,103.1792,0.04055
1001454,1,1454,1.0,103.1977,0.04056
1001455,1,1455,1.0,103.2162,0.04056
1001456,1,1456,1.0,103.2348,0.04057
1001457,1,1457,1.0,103.2533,0.04057
1001458,1,1458,1.0,103.2718,0.04058
1001459,1,1459,1.0,103.2903,0.04058
1001460,1,1460,1.0,103.3088,0.04059
1001461,1,1461,1.0,103.3273,0.04059
1001462,1,1462,1.0,103.3458,0.0406
1001463,1,1463,1.0,103.3643,0.0406
1001464,1,1464,1.0,103.3827,0.0406
1001465,1,1465,1.0,103.4012,0.04061
1001466,1,1466,1.0,103.4197,0.04061
1001467,1,1467,1.0,103.4382,0.04062
1001468,1,1468,1.0,103.4566,0.04062
1001469,1,1469,1.0,103.4751,0.04063
1001470,1,1470,1.0,103.4936,0.04063
1001471,1,1471,1.0,103.512,0.04064
1001472,1,1472,1.0,103.5305,0.04064
1001473,1,1473,1.0,103.5489,0.04065
1001474,1,1474,1.0,103.5674,0.04065
1001475,1,1475,1.0,103.5858,0.04065
1001476,1,1476,1.0,103.6043,0.04066
1001477,1,1477,1.0,103.6227,0.04066
1001478,1,1478,1.0,103.6412,0.04067
1001479,1,1479,1.0,103.6596,0.04067
1001480,1,1480,1.0,103.678,0.04068
1001481,1,1481,1.0,103.6965,0.04068
1001482,1,1482,1.0,103.7149,0.04069
1001483,1,1483,1.0,103.7333,0.04069
1001484,1,1484,1.0,103.7517,0.04069
1001485,1,1485,1.0,103.7701,0.0407
1001486,1,1486,1.0,103.7885,0.0407
1001487,1,1487,1.0,103.807,0.04071
1001488,1,1488,1.0,103.8254,0.04071
1001489,1,1489,1.0,103.8438,0.04072
1001490,1,1490,1.0,103.8622,0.04072
1001491,1,1491,1.0,103.8806,0.04073
1001492,1,1492,1.0,103.899,0.04073
1001493,1,1493,1.0,103.9174,0.04073
1001494,1,1494,1.0,103.9357,0.04074
1001495,1,1495,1.0,103.9541,0.04074
1001496,1,1496,1.0,103.9725,0.04075
1001497,1,1497,1.0,103.9909,0.04075
1001498,1,1498,1.0,104.0093,0.04076
1001499,1,1499,1.0,104.0277,0.04076
1001500,1,1500,1.0,104.046,0.04077
1001501,1,1501,1.0,104.0644,0.04077
1001502,1,1502,1.0,104.0828,0.04078
1001503,1,1503,1.0,104.1011,0.04078
1001504,1,1504,1.0,104.1195,0.04078
1001505,1,1505,1.0,104.1379,0.04079
1001506,1,1506,1.0,104.1562,0.04079
1001507,1,1507,1.0,104.1746,0.0408
1001508,1,1508,1.0,104.1929,0.0408
1001509,1,1509,1.0,104.2113,0.04081
1001510,1,1510,1.0,104.2296,0.04081
1001511,1,1511,1.0,104.248,0.04082
1001512,1,1512,1.0,104.2663,0.04082
1001513,1,1513,1.0,104.2847,0.04082
1001514,1,1514,1.0,104.303,0.04083
1001515,1,1515,1.0,104.3213,0.04083
1001516,1,1516,1.0,104.3397,0.04084
1001517,1,1517,1.0,104.358,0.04084
1001518,1,1518,1.0,104.3763,0.04085
1001519,1,1519,1.0,104.3947,0.04085
1001520,1,1520,1.0,104.413,0.04086
1001521,1,1521,1.0,104.4313,0.04086
1001522,1,1522,1.0,104.4496,0.04086
1001523,1,1523,1.0,104.4679,0.04087
1001524,1,1524,1.0,104.4863,0.04087
1001525,1,1525,1.0,104.5046,0.04088
1001526,1,1526,1.0,104.5229,0.04088
1001527,1,1527,1.0,104.5412,0.04089
1001528,1,1528,1.0,104.5595,0.04089
1001529,1,1529,1.0,104.5778,0.04089
1001530,1,1530,1.0,104.5961,0.0409
1001531,1,1531,1.0,104.6144,0.0409
1001532,1,1532,1.0,104.6327,0.04091
1001533,1,1533,1.0,104.651,0.04091
1001534,1,1534,1.0,104.6693,0.04092
1001535,1,1535,1.0,104.6876,0.04092
1001536,1,1536,1.0,104.7059,0.04093
1001537,1,1537,1.0,104.7242,0.04093
1001538,1,1538,1.0,104.7425,0.04093
1001539,1,1539,1.0,104.7608,0.04094
1001540,1,1540,1.0,104.7791,0.04094
1001541,1,1541,1.0,104.7974,0.04095
1001542,1,1542,1.0,104.8157,0.04095
1001543,1,1543,1.0,104.8339,0.04096
1001544,1,1544,1.0,104.8522,0.04096
1001545,1,1545,1.0,104.8705,0.04097
1001546,1,1546,1.0,104.8888,0.04097
1001547,1,1547,1.0,104.9071,0.04097
1001548,1,1548,1.0,104.9253,0.04098
1001549,1,1549,1.0,104.9436,0.04098
1001550,1,1550,1.0,104.9619,0.04099
1001551,1,1551,1.0,104.9802,0.04099
1001552,1,1552,1.0,104.9984,0.041
1001553,1,1553,1.0,105.0167,0.041
1001554,1,1554,1.0,105.035,0.041
1001555,1,1555,1.0,105.0532,0.04101
1001556,1,1556,1.0,105.0715,0.04101
1001557,1,1557,1.0,105.0898,0.04102
1001558,1,1558,1.0,105.108,0.04102
1001559,1,1559,1.0,105.1263,0.04103
1001560,1,1560,1.0,105.1445,0.04103
1001561,1,1561,1.0,105.1628,0.04104
1001562,1,1562,1.0,105.1811,0.04104
1001563,1,1563,1.0,105.1993,0.04104
1001564,1,1564,1.0,105.2176,0.04105
1001565,1,1565,1.0,105.2358,0.04105
1001566,1,1566,1.0,105.2541,0.04106
1001567,1,1567,1.0,105.2723,0.04106
1001568,1,1568,1.0,105.2906,0.04107
1001569,1,1569,1.0,105.3088,0.04107
1001570,1,1570,1.0,105.3271,0.04107
1001571,1,1571,1.0,105.3453,0.04108
1001572,1,1572,1.0,105.3635,0.04108
1001573,1,1573,1.0,105.3818,0.04109
1001574,1,1574,1.0,105.4,0.04109
1001575,1,1575,1.0,105.4183,0.0411
1001576,1,1576,1.0,105.4365,0.0411
1001577,1,1577,1.0,105.4547,0.04111
1001578,1,1578,1.0,105.473,0.04111
1001579,1,1579,1.0,105.4912,0.04111
1001580,1,1580,1.0,105.5094,0.04112
1001581,1,1581,1.0,105.5277,0.04112
1001582,1,1582,1.0,105.5459,0.04113
1001583,1,1583,1.0,105.5641,0.04113
1001584,1,1584,1.0,105.5824,0.04114
1001585,1,1585,1.0,105.6006,0.04114
1001586,1,1586,1.0,105.6188,0.04114
1001587,1,1587,1.0,105.637,0.04115
1001588,1,1588,1.0,105.6553,0.04115
1001589,1,1589,1.0,105.6735,0.04116
1001590,1,1590,1.0,105.6917,0.04116
1001591,1,1591,1.0,105.7099,0.04117
1001592,1,1592,1.0,105.7281,0.04117
1001593,1,1593,1.0,105.7463,0.04117
1001594,1,1594,1.0,105.7646,0.04118
1001595,1,1595,1.0,105.7828,0.04118
1001596,1,1596,1.0,105.801,0.04119
1001597,1,1597,1.0,105.8192,0.04119
1001598,1,1598,1.0,105.8374,0.0412
1001599,1,1599,1.0,105.8556,0.0412
1001600,1,1600,1.0,105.8738,0.0412
1001601,1,1601,1.0,105.892,0.04121
1001602,1,1602,1.0,105.9102,0.04121
1001603,1,1603,1.0,105.9284,0.04122
1001604,1,1604,1.0,105.9466,0.04122
1001605,1,1605,1.0,105.9648,0.04123
1001606,1,1606,1.0,105.983,0.04123
1001607,1,1607,1.0,106.0012,0.04123
1001608,1,1608,1.0,106.0194,0.04124
1001609,1,1609,1.0,106.0376,0.04124
1001610,1,1610,1.0,106.0558,0.04125
1001611,1,1611,1.0,106.074,0.04125
1001612,1,1612,1.0,106.0922,0.04126
1001613,1,1613,1.0,106.1104,0.04126
1001614,1,1614,1.0,106.1286,0.04127
1001615,1,1615,1.0,106.1467,0.04127
1001616,1,1616,1.0,106.1649,0.04127
1001617,1,1617,1.0,106.1831,0.04128
1001618,1,1618,1.0,106.2013,0.04128
1001619,1,1619,1.0,106.2195,0.04129
1001620,1,1620,1.0,106.2377,0.04129
1001621,1,1621,1.0,106.2558,0.0413
1001622,1,1622,1.0,106.274,0.0413
1001623,1,1623,1.0,106.2922,0.0413
1001624,1,1624,1.0,106.3104,0.04131
1001625,1,1625,1.0,106.3285,0.04131
1001626,1,1626,1.0,106.3467,0.04132
1001627,1,1627,1.0,106.3649,0.04132
1001628,1,1628,1.0,106.3831,0.04132
1001629,1,1629,1.0,106.4012,0.04133
1001630,1,1630,1.0,106.4194,0.04133
1001631,1,1631,1.0,106.4376,0.04134
1001632,1,1632,1.0,106.4557,0.04134
1001633,1,1633,1.0,106.4739,0.04135
1001634,1,1634,1.0,106.4921,0.04135
1001635,1,1635,1.0,106.5102,0.04135
1001636,1,1636,1.0,106.5284,0.04136
1001637,1,1637,1.0,106.5465,0.04136
1001638,1,1638,1.0,106.5647,0.04137
1001639,1,1639,1.0,106.5829,0.04137
1001640,1,1640,1.0,106.601,0.04138
1001641,1,1641,1.0,106.6192,0.04138
1001642,1,1642,1.0,106.6373,0.04138
1001643,1,1643,1.0,106.6555,0.04139
1001644,1,1644,1.0,106.6736,0.04139
1001645,1,1645,1.0,106.6918,0.0414
1001646,1,1646,1.0,106.7099,0.0414
1001647,1,1647,1.0,106.7281,0.04141
1001648,1,1648,1.0,106.7462,0.04141
1001649,1,1649,1.0,106.7644,0.04141
1001650,1,1650,1.0,106.7825,0.04142
1001651,1,1651,1.0,106.8006,0.04142
1001652,1,1652,1.0,106.8188,0.04143
1001653,1,1653,1.0,106.8369,0.04143
1001654,1,1654,1.0,106.8551,0.04144
1001655,1,1655,1.0,106.8732,0.04144
1001656,1,1656,1.0,106.8913,0.04144
1001657,1,1657,1.0,106.9095,0.04145
1001658,1,1658,1.0,106.9276,0.04145
1001659,1,1659,1.0,106.9457,0.04146
1001660,1,1660,1.0,106.9639,0.04146
1001661,1,1661,1.0,106.982,0.04147
1001662,1,1662,1.0,107.0001,0.04147
1001663,1,1663,1.0,107.0183,0.04147
1001664,1,1664,1.0,107.0364,0.04148
1001665,1,1665,1.0,107.0545,0.04148
1001666,1,1666,1.0,107.0727,0.04149
1001667,1,1667,1.0,107.0908,0.04149
1001668,1,1668,1.0,107.1089,0.04149
1001669,1,1669,1.0,107.127,0.0415
1001670,1,1670,1.0,107.1452,0.0415
1001671,1,1671,1.0,107.1633,0.04151
1001672,1,1672,1.0,107.1814,0.04151
1001673,1,1673,1.0,107.1995,0.04152
1001674,1,1674,1.0,107.2176,0.04152
1001675,1,1675,1.0,107.2358,0.04152
1001676,1,1676,1.0,107.2539,0.04153
1001677,1,1677,1.0,107.272,0.04153
1001678,1,1678,1.0,107.2901,0.04154
1001679,1,1679,1.0,107.3082,0.04154
1001680,1,1680,1.0,107.3263,0.04154
1001681,1,1681,1.0,107.3444,0.04155
1001682,1,1682,1.0,107.3625,0.04155
1001683,1,1683,1.0,107.3806,0.04156
1001684,1,1684,1.0,107.3988,0.04156
1001685,1,1685,1.0,107.4169,0.04157
1001686,1,1686,1.0,107.435,0.04157
1001687,1,1687,1.0,107.4531,0.04157
1001688,1,1688,1.0,107.4712,0.04158
1001689,1,1689,1.0,107.4893,0.04158
1001690,1,1690,1.0,107.5074,0.04159
1001691,1,1691,1.0,107.5255,0.04159
1001692,1,1692,1.0,107.5436,0.0416
1001693,1,1693,1.0,107.5617,0.0416
1001694,1,1694,1.0,107.5798,0.0416
1001695,1,1695,1.0,107.5979,0.04161
1001696,1,1696,1.0,107.616,0.04161
1001697,1,1697,1.0,107.6341,0.04162
1001698,1,1698,1.0,107.6522,0.04162
1001699,1,1699,1.0,107.6702,0.04162
1001700,1,1700,1.0,107.6883,0.04163
1001701,1,1701,1.0,107.7064,0.04163
1001702,1,1702,1.0,107.7245,0.04164
1001703,1,1703,1.0,107.7426,0.04164
1001704,1,1704,1.0,107.7607,0.04165
1001705,1,1705,1.0,107.7788,0.04165
1001706,1,1706,1.0,107.7969,0.04165
1001707,1,1707,1.0,107.8149,0.04166
1001708,1,1708,1.0,107.833,0.04166
1001709,1,1709,1.0,107.8511,0.04167
1001710,1,1710,1.0,107.8692,0.04167
1001711,1,1711,1.0,107.8873,0.04167
1001712,1,1712,1.0,107.9053,0.04168
1001713,1,1713,1.0,107.9234,0.04168
1001714,1,1714,1.0,107.9415,0.04169
1001715,1,1715,1.0,107.9596,0.04169
1001716,1,1716,1.0,107.9777,0.04169
1001717,1,1717,1.0,107.9957,0.0417
1001718,1,1718,1.0,108.0138,0.0417
1001719,1,1719,1.0,108.0319,0.04171
1001720,1,1720,1.0,108.0499,0.04171
1001721,1,1721,1.0,108.068,0.04172
1001722,1,1722,1.0,108.0861,0.04172
1001723,1,1723,1.0,108.1041,0.04172
1001724,1,1724,1.0,108.1222,0.04173
1001725,1,1725,1.0,108.1403,0.04173
1001726,1,1726,1.0,108.1583,0.04174
1001727,1,1727,1.0,108.1764,0.04174
1001728,1,1728,1.0,108.1945,0.04174
1001729,1,1729,1.0,108.2125,0.04175
1001730,1,1730,1.0,108.2306,0.04175
1001731,1,1731,1.0,108.2487,0.04176
1001732,1,1732,1.0,108.2667,0.04176
1001733,1,1733,1.0,108.2848,0.04176
1001734,1,1734,1.0,108.3028,0.04177
1001735,1,1735,1.0,108.3209,0.04177
1001736,1,1736,1.0,108.3389,0.04178
1001737,1,1737,1.0,108.357,0.04178
1001738,1,1738,1.0,108.375,0.04179
1001739,1,1739,1.0,108.3931,0.04179
1001740,1,1740,1.0,108.4112,0.04179
1001741,1,1741,1.0,108.4292,0.0418
1001742,1,1742,1.0,108.4473,0.0418
1001743,1,1743,1.0,108.4653,0.04181
1001744,1,1744,1.0,108.4833,0.04181
1001745,1,1745,1.0,108.5014,0.04181
1001746,1,1746,1.0,108.5194,0.04182
1001747,1,1747,1.0,108.5375,0.04182
1001748,1,1748,1.0,108.5555,0.04183
1001749,1,1749,1.0,108.5736,0.04183
1001750,1,1750,1.0,108.5916,0.04183
1001751,1,1751,1.0,108.6097,0.04184
1001752,1,1752,1.0,108.6277,0.04184
1001753,1,1753,1.0,108.6457,0.04185
1001754,1,1754,1.0,108.6638,0.04185
1001755,1,1755,1.0,108.6818,0.04185
1001756,1,1756,1.0,108.6998,0.04186
1001757,1,1757,1.0,108.7179,0.04186
1001758,1,1758,1.0,108.7359,0.04187
1001759,1,1759,1.0,108.7539,0.04187
1001760,1,1760,1.0,108.772,0.04188
1001761,1,1761,1.0,108.79,0.04188
1001762,1,1762,1.0,108.808,0.04188
1001763,1,1763,1.0,108.8261,0.04189
1001764,1,1764,1.0,108.8441,0.04189
1001765,1,1765,1.0,108.8621,0.0419
1001766,1,1766,1.0,108.8801,0.0419
1001767,1,1767,1.0,108.8982,0.0419
1001768,1,1768,1.0,108.9162,0.04191
1001769,1,1769,1.0,108.9342,0.04191
1001770,1,1770,1.0,108.9522,0.04192
1001771,1,1771,1.0,108.9702,0.04192
1001772,1,1772,1.0,108.9883,0.04192
1001773,1,1773,1.0,109.0063,0.04193
1001774,1,1774,1.0,109.0243,0.04193
1001775,1,1775,1.0,109.0423,0.04194
1001776,1,1776,1.0,109.0603,0.04194
1001777,1,1777,1.0,109.0783,0.04194
1001778,1,1778,1.0,109.0963,0.04195
1001779,1,1779,1.0,109.1144,0.04195
1001780,1,1780,1.0,109.1324,0.04196
1001781,1,1781,1.0,109.1504,0.04196
1001782,1,1782,1.0,109.1684,0.04196
1001783,1,1783,1.0,109.1864,0.04197
1001784,1,1784,1.0,109.2044,0.04197
1001785,1,1785,1.0,109.2224,0.04198
1001786,1,1786,1.0,109.2404,0.04198
1001787,1,1787,1.0,109.2584,0.04198
1001788,1,1788,1.0,109.2764,0.04199
1001789,1,1789,1.0,109.2944,0.04199
1001790,1,1790,1.0,109.3124,0.042
1001791,1,1791,1.0,109.3304,0.042
1001792,1,1792,1.0,109.3484,0.042
1001793,1,1793,1.0,109.3664,0.04201
1001794,1,1794,1.0,109.3843,0.04201
1001795,1,1795,1.0,109.4023,0.04202
1001796,1,1796,1.0,109.4203,0.04202
1001797,1,1797,1.0,109.4383,0.04202
1001798,1,1798,1.0,109.4563,0.04203
1001799,1,1799,1.0,109.4743,0.04203
1001800,1,1800,1.0,109.4923,0.04204
1001801,1,1801,1.0,109.5102,0.04204
1001802,1,1802,1.0,109.5282,0.04204
1001803,1,1803,1.0,109.5462,0.04205
1001804,1,1804,1.0,109.5642,0.04205
1001805,1,1805,1.0,109.5822,0.04206
1001806,1,1806,1.0,109.6001,0.04206
1001807,1,1807,1.0,109.6181,0.04206
1001808,1,1808,1.0,109.6361,0.04207
1001809,1,1809,1.0,109.654,0.04207
1001810,1,1810,1.0,109.672,0.04208
1001811,1,1811,1.0,109.69,0.04208
1001812,1,1812,1.0,109.7079,0.04208
1001813,1,1813,1.0,109.7259,0.04209
1001814,1,1814,1.0,109.7439,0.04209
1001815,1,1815,1.0,109.7618,0.0421
1001816,1,1816,1.0,109.7798,0.0421
1001817,1,1817,1.0,109.7978,0.0421
1001818,1,1818,1.0,109.8157,0.04211
1001819,1,1819,1.0,109.8337,0.04211
1001820,1,1820,1.0,109.8516,0.04212
1001821,1,1821,1.0,109.8696,0.04212
1001822,1,1822,1.0,109.8875,0.04212
1001823,1,1823,1.0,109.9055,0.04213
1001824,1,1824,1.0,109.9234,0.04213
1001825,1,1825,1.0,109.9414,0.04214
1001826,1,1826,1.0,109.9593,0.04214
2000000,2,0,1.0,49.1477,0.0379
2000001,2,1,1.0,49.3166,0.03783
2000002,2,2,1.0,49.4854,0.03776
2000003,2,3,1.0,49.6543,0.0377
2000004,2,4,1.0,49.8232,0.03763
2000005,2,5,1.0,49.9921,0.03756
2000006,2,6,1.0,50.1609,0.03749
2000007,2,7,1.0,50.3298,0.03742
2000008,2,8,1.0,50.4987,0.03735
2000009,2,9,1.0,50.6676,0.03728
2000010,2,10,1.0,50.8365,0.03722
2000011,2,11,1.0,51.0053,0.03715
2000012,2,12,1.0,51.1742,0.03708
2000013,2,13,1.0,51.3431,0.03701
2000014,2,14,1.0,51.512,0.03694
2000015,2,15,1.0,51.651,0.0369
2000016,2,16,1.0,51.7895,0.03687
2000017,2,17,1.0,51.9272,0.03683
2000018,2,18,1.0,52.0641,0.0368
2000019,2,19,1.0,52.2002,0.03676
2000020,2,20,1.0,52.3353,0.03673
2000021,2,21,1.0,52.4695,0.03669
2000022,2,22,1.0,52.6027,0.03666
2000023,2,23,1.0,52.7349,0.03663
2000024,2,24,1.0,52.8661,0.0366
2000025,2,25,1.0,52.9963,0.03656
2000026,2,26,1.0,53.1255,0.03653
2000027,2,27,1.0,53.2537,0.0365
2000028,2,28,1.0,53.3809,0.03647
2000029,2,29,1.0,53.5072,0.03644
2000030,2,30,1.0,53.6326,0.03641
2000031,2,31,1.0,53.7571,0.03638
2000032,2,32,1.0,53.8806,0.03636
2000033,2,33,1.0,54.0031,0.03633
2000034,2,34,1.0,54.1247,0.0363
2000035,2,35,1.0,54.2454,0.03627
2000036,2,36,1.0,54.3651,0.03625
2000037,2,37,1.0,54.4839,0.03622
2000038,2,38,1.0,54.6018,0.03619
2000039,2,39,1.0,54.7187,0.03617
2000040,2,40,1.0,54.8348,0.03614
2000041,2,41,1.0,54.9499,0.03612
2000042,2,42,1.0,55.0642,0.03609
2000043,2,43,1.0,55.1777,0.03607
2000044,2,44,1.0,55.2903,0.03604
2000045,2,45,1.0,55.4021,0.03602
2000046,2,46,1.0,55.513,0.036
2000047,2,47,1.0,55.623,0.03597
2000048,2,48,1.0,55.7322,0.03595
2000049,2,49,1.0,55.8406,0.03593
2000050,2,50,1.0,55.9482,0.03591
2000051,2,51,1.0,56.0549,0.03588
2000052,2,52,1.0,56.1609,0.03586
2000053,2,53,1.0,56.266,0.03584
2000054,2,54,1.0,56.3704,0.03582
2000055,2,55,1.0,56.4739,0.0358
2000056,2,56,1.0,56.5767,0.03578
2000057,2,57,1.0,56.6788,0.03576
2000058,2,58,1.0,56.78,0.03574
2000059,2,59,1.0,56.8806,0.03572
2000060,2,60,1.0,56.9805,0.0357
2000061,2,61,1.0,57.0796,0.03568
2000062,2,62,1.0,57.1782,0.03566
2000063,2,63,1.0,57.2761,0.03564
2000064,2,64,1.0,57.3733,0.03562
2000065,2,65,1.0,57.4699,0.03561
2000066,2,66,1.0,57.5659,0.03559
2000067,2,67,1.0,57.6613,0.03557
2000068,2,68,1.0,57.756,0.03555
2000069,2,69,1.0,57.8501,0.03553
2000070,2,70,1.0,57.9436,0.03552
2000071,2,71,1.0,58.0365,0.0355
2000072,2,72,1.0,58.1288,0.03548
2000073,2,73,1.0,58.2206,0.03547
2000074,2,74,1.0,58.3117,0.03545
2000075,2,75,1.0,58.4022,0.03543
2000076,2,76,1.0,58.4922,0.03542
2000077,2,77,1.0,58.5816,0.0354
2000078,2,78,1.0,58.6705,0.03539
2000079,2,79,1.0,58.7588,0.03537
2000080,2,80,1.0,58.8465,0.03536
2000081,2,81,1.0,58.9337,0.03534
2000082,2,82,1.0,59.0204,0.03533
2000083,2,83,1.0,59.1066,0.03531
2000084,2,84,1.0,59.1922,0.0353
2000085,2,85,1.0,59.2773,0.03528
2000086,2,86,1.0,59.3619,0.03527
2000087,2,87,1.0,59.4459,0.03526
2000088,2,88,1.0,59.5295,0.03524
2000089,2,89,1.0,59.6126,0.03523
2000090,2,90,1.0,59.6952,0.03521
2000091,2,91,1.0,59.7773,0.0352
2000092,2,92,1.0,59.8589,0.03519
2000093,2,93,1.0,59.9401,0.03517
2000094,2,94,1.0,60.0209,0.03516
2000095,2,95,1.0,60.1011,0.03515
2000096,2,96,1.0,60.181,0.03514
2000097,2,97,1.0,60.2603,0.03512
2000098,2,98,1.0,60.3393,0.03511
2000099,2,99,1.0,60.4178,0.0351
2000100,2,100,1.0,60.4958,0.03509
2000101,2,101,1.0,60.5734,0.03508
2000102,2,102,1.0,60.6506,0.03506
2000103,2,103,1.0,60.7273,0.03505
2000104,2,104,1.0,60.8036,0.03504
2000105,2,105,1.0,60.8795,0.03503
2000106,2,106,1.0,60.955,0.03502
2000107,2,107,1.0,61.0301,0.03501
2000108,2,108,1.0,61.1047,0.035
2000109,2,109,1.0,61.1789,0.03499
2000110,2,110,1.0,61.2527,0.03497
2000111,2,111,1.0,61.3261,0.03496
2000112,2,112,1.0,61.3991,0.03495
2000113,2,113,1.0,61.4717,0.03494
2000114,2,114,1.0,61.5439,0.03493
2000115,2,115,1.0,61.6156,0.03492
2000116,2,116,1.0,61.687,0.03491
2000117,2,117,1.0,61.758,0.0349
2000118,2,118,1.0,61.8286,0.03489
2000119,2,119,1.0,61.8988,0.03488
2000120,2,120,1.0,61.9686,0.03487
2000121,2,121,1.0,62.0381,0.03487
2000122,2,122,1.0,62.1071,0.03486
2000123,2,123,1.0,62.1758,0.03485
2000124,2,124,1.0,62.2441,0.03484
2000125,2,125,1.0,62.312,0.03483
2000126,2,126,1.0,62.3795,0.03482
2000127,2,127,1.0,62.4467,0.03481
2000128,2,128,1.0,62.5135,0.0348
2000129,2,129,1.0,62.58,0.03479
2000130,2,130,1.0,62.6461,0.03479
2000131,2,131,1.0,62.7118,0.03478
2000132,2,132,1.0,62.7772,0.03477
2000133,2,133,1.0,62.8423,0.03476
2000134,2,134,1.0,62.907,0.03475
2000135,2,135,1.0,62.9714,0.03475
2000136,2,136,1.0,63.0354,0.03474
2000137,2,137,1.0,63.0991,0.03473
2000138,2,138,1.0,63.1626,0.03472
2000139,2,139,1.0,63.2257,0.03471
2000140,2,140,1.0,63.2884,0.03471
2000141,2,141,1.0,63.3509,0.0347
2000142,2,142,1.0,63.4131,0.03469
2000143,2,143,1.0,63.475,0.03469
2000144,2,144,1.0,63.5365,0.03468
2000145,2,145,1.0,63.5978,0.03467
2000146,2,146,1.0,63.6588,0.03467
2000147,2,147,1.0,63.7196,0.03466
2000148,2,148,1.0,63.78,0.03465
2000149,2,149,1.0,63.8402,0.03465
2000150,2,150,1.0,63.9,0.03464
2000151,2,151,1.0,63.9597,0.03463
2000152,2,152,1.0,64.019,0.03463
2000153,2,153,1.0,64.0781,0.03462
2000154,2,154,1.0,64.137,0.03461
2000155,2,155,1.0,64.1956,0.03461
2000156,2,156,1.0,64.2539,0.0346
2000157,2,157,1.0,64.312,0.0346
2000158,2,158,1.0,64.3699,0.03459
2000159,2,159,1.0,64.4276,0.03459
2000160,2,160,1.0,64.485,0.03458
2000161,2,161,1.0,64.5422,0.03457
2000162,2,162,1.0,64.5991,0.03457
2000163,2,163,1.0,64.6559,0.03456
2000164,2,164,1.0,64.7124,0.03456
2000165,2,165,1.0,64.7688,0.03455
2000166,2,166,1.0,64.8249,0.03455
2000167,2,167,1.0,64.8808,0.03454
2000168,2,168,1.0,64.9366,0.03454
2000169,2,169,1.0,64.9921,0.03453
2000170,2,170,1.0,65.0474,0.03453
2000171,2,171,1.0,65.1026,0.03453
2000172,2,172,1.0,65.1576,0.03452
2000173,2,173,1.0,65.2123,0.03452
2000174,2,174,1.0,65.267,0.03451
2000175,2,175,1.0,65.3214,0.03451
2000176,2,176,1.0,65.3757,0.0345
2000177,2,177,1.0,65.4298,0.0345
2000178,2,178,1.0,65.4837,0.0345
2000179,2,179,1.0,65.5375,0.03449
2000180,2,180,1.0,65.5911,0.03449
2000181,2,181,1.0,65.6445,0.03449
2000182,2,182,1.0,65.6978,0.03448
2000183,2,183,1.0,65.751,0.03448
2000184,2,184,1.0,65.804,0.03447
2000185,2,185,1.0,65.8568,0.03447
2000186,2,186,1.0,65.9095,0.03447
2000187,2,187,1.0,65.9621,0.03447
2000188,2,188,1.0,66.0145,0.03446
2000189,2,189,1.0,66.0668,0.03446
2000190,2,190,1.0,66.1189,0.03446
2000191,2,191,1.0,66.1709,0.03445
2000192,2,192,1.0,66.2228,0.03445
2000193,2,193,1.0,66.2745,0.03445
2000194,2,194,1.0,66.3261,0.03444
2000195,2,195,1.0,66.3776,0.03444
2000196,2,196,1.0,66.429,0.03444
2000197,2,197,1.0,66.4802,0.03444
2000198,2,198,1.0,66.5313,0.03444
2000199,2,199,1.0,66.5823,0.03443
2000200,2,200,1.0,66.6331,0.03443
2000201,2,201,1.0,66.6839,0.03443
2000202,2,202,1.0,66.7345,0.03443
2000203,2,203,1.0,66.785,0.03442
2000204,2,204,1.0,66.8354,0.03442
2000205,2,205,1.0,66.8857,0.03442
2000206,2,206,1.0,66.9359,0.03442
2000207,2,207,1.0,66.9859,0.03442
2000208,2,208,1.0,67.0359,0.03442
2000209,2,209,1.0,67.0858,0.03441
2000210,2,210,1.0,67.1355,0.03441
2000211,2,211,1.0,67.1852,0.03441
2000212,2,212,1.0,67.2347,0.03441
2000213,2,213,1.0,67.2842,0.03441
2000214,2,214,1.0,67.3335,0.03441
2000215,2,215,1.0,67.3828,0.03441
2000216,2,216,1.0,67.432,0.03441
2000217,2,217,1.0,67.481,0.0344
2000218,2,218,1.0,67.53,0.0344
2000219,2,219,1.0,67.5789,0.0344
2000220,2,220,1.0,67.6277,0.0344
2000221,2,221,1.0,67.6764,0.0344
2000222,2,222,1.0,67.725,0.0344
2000223,2,223,1.0,67.7735,0.0344
2000224,2,224,1.0,67.8219,0.0344
2000225,2,225,1.0,67.8703,0.0344
2000226,2,226,1.0,67.9185,0.0344
2000227,2,227,1.0,67.9667,0.0344
2000228,2,228,1.0,68.0148,0.0344
2000229,2,229,1.0,68.0628,0.0344
2000230,2,230,1.0,68.1107,0.0344
2000231,2,231,1.0,68.1585,0.0344
2000232,2,232,1.0,68.2063,0.0344
2000233,2,233,1.0,68.254,0.0344
2000234,2,234,1.0,68.3016,0.0344
2000235,2,235,1.0,68.3491,0.0344
2000236,2,236,1.0,68.3965,0.0344
2000237,2,237,1.0,68.4439,0.0344
2000238,2,238,1.0,68.4911,0.0344
2000239,2,239,1.0,68.5383,0.0344
2000240,2,240,1.0,68.5855,0.0344
2000241,2,241,1.0,68.6325,0.0344
2000242,2,242,1.0,68.6795,0.0344
2000243,2,243,1.0,68.7264,0.0344
2000244,2,244,1.0,68.7732,0.0344
2000245,2,245,1.0,68.82,0.0344
2000246,2,246,1.0,68.8666,0.0344
2000247,2,247,1.0,68.9133,0.0344
2000248,2,248,1.0,68.9598,0.0344
2000249,2,249,1.0,69.0063,0.0344
2000250,2,250,1.0,69.0527,0.0344
2000251,2,251,1.0,69.099,0.03441
2000252,2,252,1.0,69.1452,0.03441
2000253,2,253,1.0,69.1914,0.03441
2000254,2,254,1.0,69.2376,0.03441
2000255,2,255,1.0,69.2836,0.03441
2000256,2,256,1.0,69.3296,0.03441
2000257,2,257,1.0,69.3755,0.03441
2000258,2,258,1.0,69.4214,0.03441
2000259,2,259,1.0,69.4672,0.03441
2000260,2,260,1.0,69.5129,0.03442
2000261,2,261,1.0,69.5585,0.03442
2000262,2,262,1.0,69.6041,0.03442
2000263,2,263,1.0,69.6496,0.03442
2000264,2,264,1.0,69.6951,0.03442
2000265,2,265,1.0,69.7405,0.03442
2000266,2,266,1.0,69.7858,0.03443
2000267,2,267,1.0,69.8311,0.03443
2000268,2,268,1.0,69.8763,0.03443
2000269,2,269,1.0,69.9215,0.03443
2000270,2,270,1.0,69.9666,0.03443
2000271,2,271,1.0,70.0116,0.03444
2000272,2,272,1.0,70.0566,0.03444
2000273,2,273,1.0,70.1015,0.03444
2000274,2,274,1.0,70.1463,0.03444
2000275,2,275,1.0,70.1911,0.03444
2000276,2,276,1.0,70.2358,0.03445
2000277,2,277,1.0,70.2805,0.03445
2000278,2,278,1.0,70.3251,0.03445
2000279,2,279,1.0,70.3697,0.03445
2000280,2,280,1.0,70.4142,0.03445
2000281,2,281,1.0,70.4586,0.03446
2000282,2,282,1.0,70.503,0.03446
2000283,2,283,1.0,70.5474,0.03446
2000284,2,284,1.0,70.5917,0.03446
2000285,2,285,1.0,70.6359,0.03447
2000286,2,286,1.0,70.68,0.03447
2000287,2,287,1.0,70.7241,0.03447
2000288,2,288,1.0,70.7682,0.03448
2000289,2,289,1.0,70.8122,0.03448
2000290,2,290,1.0,70.8561,0.03448
2000291,2,291,1.0,70.9,0.03448
2000292,2,292,1.0,70.9439,0.03449
2000293,2,293,1.0,70.9876,0.03449
2000294,2,294,1.0,71.0314,0.03449
2000295,2,295,1.0,71.075,0.0345
2000296,2,296,1.0,71.1187,0.0345
2000297,2,297,1.0,71.1622,0.0345
2000298,2,298,1.0,71.2057,0.0345
2000299,2,299,1.0,71.2492,0.03451
2000300,2,300,1.0,71.2926,0.03451
2000301,2,301,1.0,71.3359,0.03451
2000302,2,302,1.0,71.3792,0.03452
2000303,2,303,1.0,71.4224,0.03452
2000304,2,304,1.0,71.4656,0.03452
2000305,2,305,1.0,71.5088,0.03453
2000306,2,306,1.0,71.5518,0.03453
2000307,2,307,1.0,71.5949,0.03453
2000308,2,308,1.0,71.6378,0.03454
2000309,2,309,1.0,71.6808,0.03454
2000310,2,310,1.0,71.7236,0.03454
2000311,2,311,1.0,71.7664,0.03455
2000312,2,312,1.0,71.8092,0.03455
2000313,2,313,1.0,71.8519,0.03456
2000314,2,314,1.0,71.8946,0.03456
2000315,2,315,1.0,71.9372,0.03456
2000316,2,316,1.0,71.9798,0.03457
2000317,2,317,1.0,72.0223,0.03457
2000318,2,318,1.0,72.0647,0.03457
2000319,2,319,1.0,72.1071,0.03458
2000320,2,320,1.0,72.1495,0.03458
2000321,2,321,1.0,72.1918,0.03459
2000322,2,322,1.0,72.234,0.03459
2000323,2,323,1.0,72.2762,0.03459
2000324,2,324,1.0,72.3184,0.0346
2000325,2,325,1.0,72.3605,0.0346
2000326,2,326,1.0,72.4025,0.03461
2000327,2,327,1.0,72.4445,0.03461
2000328,2,328,1.0,72.4865,0.03461
2000329,2,329,1.0,72.5284,0.03462
2000330,2,330,1.0,72.5702,0.03462
2000331,2,331,1.0,72.612,0.03463
2000332,2,332,1.0,72.6538,0.03463
2000333,2,333,1.0,72.6955,0.03464
2000334,2,334,1.0,72.7372,0.03464
2000335,2,335,1.0,72.7788,0.03464
2000336,2,336,1.0,72.8203,0.03465
2000337,2,337,1.0,72.8618,0.03465
2000338,2,338,1.0,72.9033,0.03466
2000339,2,339,1.0,72.9447,0.03466
2000340,2,340,1.0,72.9861,0.03467
2000341,2,341,1.0,73.0274,0.03467
2000342,2,342,1.0,73.0686,0.03468
2000343,2,343,1.0,73.1099,0.03468
2000344,2,344,1.0,73.151,0.03469
2000345,2,345,1.0,73.1922,0.03469
2000346,2,346,1.0,73.2332,0.03469
2000347,2,347,1.0,73.2743,0.0347
2000348,2,348,1.0,73.3152,0.0347
2000349,2,349,1.0,73.3562,0.03471
2000350,2,350,1.0,73.3971,0.03471
2000351,2,351,1.0,73.4379,0.03472
2000352,2,352,1.0,73.4787,0.03472
2000353,2,353,1.0,73.5195,0.03473
2000354,2,354,1.0,73.5602,0.03473
2000355,2,355,1.0,73.6008,0.03474
2000356,2,356,1.0,73.6414,0.03474
2000357,2,357,1.0,73.682,0.03475
2000358,2,358,1.0,73.7225,0.03475
2000359,2,359,1.0,73.763,0.03476
2000360,2,360,1.0,73.8034,0.03476
2000361,2,361,1.0,73.8438,0.03477
2000362,2,362,1.0,73.8842,0.03477
2000363,2,363,1.0,73.9245,0.03478
2000364,2,364,1.0,73.9647,0.03478
2000365,2,365,1.0,74.0049,0.03479
2000366,2,366,1.0,74.0451,0.03479
2000367,2,367,1.0,74.0852,0.0348
2000368,2,368,1.0,74.1253,0.0348
2000369,2,369,1.0,74.1653,0.03481
2000370,2,370,1.0,74.2053,0.03482
2000371,2,371,1.0,74.2452,0.03482
2000372,2,372,1.0,74.2851,0.03483
2000373,2,373,1.0,74.325,0.03483
2000374,2,374,1.0,74.3648,0.03484
2000375,2,375,1.0,74.4045,0.03484
2000376,2,376,1.0,74.4443,0.03485
2000377,2,377,1.0,74.4839,0.03485
2000378,2,378,1.0,74.5236,0.03486
2000379,2,379,1.0,74.5632,0.03486
2000380,2,380,1.0,74.6027,0.03487
2000381,2,381,1.0,74.6422,0.03488
2000382,2,382,1.0,74.6817,0.03488
2000383,2,383,1.0,74.7211,0.03489
2000384,2,384,1.0,74.7605,0.03489
2000385,2,385,1.0,74.7998,0.0349
2000386,2,386,1.0,74.8391,0.0349
2000387,2,387,1.0,74.8784,0.03491
2000388,2,388,1.0,74.9176,0.03491
2000389,2,389,1.0,74.9567,0.03492
2000390,2,390,1.0,74.9959,0.03493
2000391,2,391,1.0,75.0349,0.03493
2000392,2,392,1.0,75.074,0.03494
2000393,2,393,1.0,75.113,0.03494
2000394,2,394,1.0,75.1519,0.03495
2000395,2,395,1.0,75.1908,0.03495
2000396,2,396,1.0,75.2297,0.03496
2000397,2,397,1.0,75.2686,0.03497
2000398,2,398,1.0,75.3073,0.03497
2000399,2,399,1.0,75.3461,0.03498
2000400,2,400,1.0,75.3848,0.03498
2000401,2,401,1.0,75.4235,0.03499
2000402,2,402,1.0,75.4621,0.035
2000403,2,403,1.0,75.5007,0.035
2000404,2,404,1.0,75.5392,0.03501
2000405,2,405,1.0,75.5777,0.03501
2000406,2,406,1.0,75.6162,0.03502
2000407,2,407,1.0,75.6546,0.03503
2000408,2,408,1.0,75.693,0.03503
2000409,2,409,1.0,75.7313,0.03504
2000410,2,410,1.0,75.7696,0.03504
2000411,2,411,1.0,75.8079,0.03505
2000412,2,412,1.0,75.8461,0.03506
2000413,2,413,1.0,75.8843,0.03506
2000414,2,414,1.0,75.9224,0.03507
2000415,2,415,1.0,75.9605,0.03507
2000416,2,416,1.0,75.9986,0.03508
2000417,2,417,1.0,76.0366,0.03509
2000418,2,418,1.0,76.0746,0.03509
2000419,2,419,1.0,76.1125,0.0351
2000420,2,420,1.0,76.1504,0.03511
2000421,2,421,1.0,76.1883,0.03511
2000422,2,422,1.0,76.2261,0.03512
2000423,2,423,1.0,76.2639,0.03512
2000424,2,424,1.0,76.3016,0.03513
2000425,2,425,1.0,76.3393,0.03514
2000426,2,426,1.0,76.377,0.03514
2000427,2,427,1.0,76.4146,0.03515
2000428,2,428,1.0,76.4522,0.03516
2000429,2,429,1.0,76.4897,0.03516
2000430,2,430,1.0,76.5272,0.03517
2000431,2,431,1.0,76.5647,0.03518
2000432,2,432,1.0,76.6021,0.03518
2000433,2,433,1.0,76.6395,0.03519
2000434,2,434,1.0,76.6769,0.03519
2000435,2,435,1.0,76.7142,0.0352
2000436,2,436,1.0,76.7515,0.03521
2000437,2,437,1.0,76.7887,0.03521
2000438,2,438,1.0,76.8259,0.03522
2000439,2,439,1.0,76.8631,0.03523
2000440,2,440,1.0,76.9002,0.03523
2000441,2,441,1.0,76.9373,0.03524
2000442,2,442,1.0,76.9744,0.03525
2000443,2,443,1.0,77.0114,0.03525
2000444,2,444,1.0,77.0484,0.03526
2000445,2,445,1.0,77.0853,0.03527
2000446,2,446,1.0,77.1222,0.03527
2000447,2,447,1.0,77.1591,0.03528
2000448,2,448,1.0,77.1959,0.03529
2000449,2,449,1.0,77.2327,0.03529
2000450,2,450,1.0,77.2695,0.0353
2000451,2,451,1.0,77.3062,0.0353
2000452,2,452,1.0,77.3429,0.03531
2000453,2,453,1.0,77.3796,0.03532
2000454,2,454,1.0,77.4162,0.03532
2000455,2,455,1.0,77.4528,0.03533
2000456,2,456,1.0,77.4893,0.03534
2000457,2,457,1.0,77.5258,0.03534
2000458,2,458,1.0,77.5623,0.03535
2000459,2,459,1.0,77.5988,0.03536
2000460,2,460,1.0,77.6352,0.03536
2000461,2,461,1.0,77.6716,0.03537
2000462,2,462,1.0,77.7079,0.03538
2000463,2,463,1.0,77.7442,0.03538
2000464,2,464,1.0,77.7805,0.03539
2000465,2,465,1.0,77.8167,0.0354
2000466,2,466,1.0,77.8529,0.0354
2000467,2,467,1.0,77.8891,0.03541
2000468,2,468,1.0,77.9252,0.03542
2000469,2,469,1.0,77.9613,0.03543
2000470,2,470,1.0,77.9974,0.03543
2000471,2,471,1.0,78.0334,0.03544
2000472,2,472,1.0,78.0694,0.03545
2000473,2,473,1.0,78.1054,0.03545
2000474,2,474,1.0,78.1413,0.03546
2000475,2,475,1.0,78.1772,0.03547
2000476,2,476,1.0,78.2131,0.03547
2000477,2,477,1.0,78.249,0.03548
2000478,2,478,1.0,78.2848,0.03549
2000479,2,479,1.0,78.3205,0.03549
2000480,2,480,1.0,78.3563,0.0355
2000481,2,481,1.0,78.392,0.03551
2000482,2,482,1.0,78.4276,0.03551
2000483,2,483,1.0,78.4633,0.03552
2000484,2,484,1.0,78.4989,0.03553
2000485,2,485,1.0,78.5345,0.03553
2000486,2,486,1.0,78.57,0.03554
2000487,2,487,1.0,78.6055,0.03555
2000488,2,488,1.0,78.641,0.03556
2000489,2,489,1.0,78.6764,0.03556
2000490,2,490,1.0,78.7118,0.03557
2000491,2,491,1.0,78.7472,0.03558
2000492,2,492,1.0,78.7826,0.03558
2000493,2,493,1.0,78.8179,0.03559
2000494,2,494,1.0,78.8532,0.0356
2000495,2,495,1.0,78.8884,0.0356
2000496,2,496,1.0,78.9236,0.03561
2000497,2,497,1.0,78.9588,0.03562
2000498,2,498,1.0,78.994,0.03562
2000499,2,499,1.0,79.0291,0.03563
2000500,2,500,1.0,79.0642,0.03564
2000501,2,501,1.0,79.0993,0.03565
2000502,2,502,1.0,79.1343,0.03565
2000503,2,503,1.0,79.1693,0.03566
2000504,2,504,1.0,79.2042,0.03567
2000505,2,505,1.0,79.2392,0.03567
2000506,2,506,1.0,79.2741,0.03568
2000507,2,507,1.0,79.3089,0.03569
2000508,2,508,1.0,79.3438,0.03569
2000509,2,509,1.0,79.3786,0.0357
2000510,2,510,1.0,79.4134,0.03571
2000511,2,511,1.0,79.4481,0.03572
2000512,2,512,1.0,79.4828,0.03572
2000513,2,513,1.0,79.5175,0.03573
2000514,2,514,1.0,79.5521,0.03574
2000515,2,515,1.0,79.5868,0.03574
2000516,2,516,1.0,79.6213,0.03575
2000517,2,517,1.0,79.6559,0.03576
2000518,2,518,1.0,79.6904,0.03577
2000519,2,519,1.0,79.7249,0.03577
2000520,2,520,1.0,79.7594,0.03578
2000521,2,521,1.0,79.7938,0.03579
2000522,2,522,1.0,79.8282,0.03579
2000523,2,523,1.0,79.8626,0.0358
2000524,2,524,1.0,79.8969,0.03581
2000525,2,525,1.0,79.9312,0.03582
2000526,2,526,1.0,79.9655,0.03582
2000527,2,527,1.0,79.9998,0.03583
2000528,2,528,1.0,80.034,0.03584
2000529,2,529,1.0,80.0682,0.03584
2000530,2,530,1.0,80.1023,0.03585
2000531,2,531,1.0,80.1365,0.03586
2000532,2,532,1.0,80.1706,0.03587
2000533,2,533,1.0,80.2046,0.03587
2000534,2,534,1.0,80.2387,0.03588
2000535,2,535,1.0,80.2727,0.03589
2000536,2,536,1.0,80.3067,0.03589
2000537,2,537,1.0,80.3406,0.0359
2000538,2,538,1.0,80.3745,0.03591
2000539,2,539,1.0,80.4084,0.03592
2000540,2,540,1.0,80.4423,0.03592
2000541,2,541,1.0,80.4761,0.03593
2000542,2,542,1.0,80.5099,0.03594
2000543,2,543,1.0,80.5437,0.03594
2000544,2,544,1.0,80.5774,0.03595
2000545,2,545,1.0,80.6112,0.03596
2000546,2,546,1.0,80.6448,0.03597
2000547,2,547,1.0,80.6785,0.03597
2000548,2,548,1.0,80.7121,0.03598
2000549,2,549,1.0,80.7457,0.03599
2000550,2,550,1.0,80.7793,0.036
2000551,2,551,1.0,80.8128,0.036
2000552,2,552,1.0,80.8464,0.03601
2000553,2,553,1.0,80.8798,0.03602
2000554,2,554,1.0,80.9133,0.03602
2000555,2,555,1.0,80.9467,0.03603
2000556,2,556,1.0,80.9801,0.03604
2000557,2,557,1.0,81.0135,0.03605
2000558,2,558,1.0,81.0468,0.03605
2000559,2,559,1.0,81.0802,0.03606
2000560,2,560,1.0,81.1134,0.03607
2000561,2,561,1.0,81.1467,0.03608
2000562,2,562,1.0,81.1799,0.03608
2000563,2,563,1.0,81.2131,0.03609
2000564,2,564,1.0,81.2463,0.0361
2000565,2,565,1.0,81.2795,0.03611
2000566,2,566,1.0,81.3126,0.03611
2000567,2,567,1.0,81.3457,0.03612
2000568,2,568,1.0,81.3788,0.03613
2000569,2,569,1.0,81.4118,0.03613
2000570,2,570,1.0,81.4448,0.03614
2000571,2,571,1.0,81.4778,0.03615
2000572,2,572,1.0,81.5108,0.03616
2000573,2,573,1.0,81.5437,0.03616
2000574,2,574,1.0,81.5766,0.03617
2000575,2,575,1.0,81.6095,0.03618
2000576,2,576,1.0,81.6423,0.03619
2000577,2,577,1.0,81.6752,0.03619
2000578,2,578,1.0,81.708,0.0362
2000579,2,579,1.0,81.7407,0.03621
2000580,2,580,1.0,81.7735,0.03622
2000581,2,581,1.0,81.8062,0.03622
2000582,2,582,1.0,81.8389,0.03623
2000583,2,583,1.0,81.8715,0.03624
2000584,2,584,1.0,81.9042,0.03624
2000585,2,585,1.0,81.9368,0.03625
2000586,2,586,1.0,81.9694,0.03626
2000587,2,587,1.0,82.0019,0.03627
2000588,2,588,1.0,82.0345,0.03627
2000589,2,589,1.0,82.067,0.03628
2000590,2,590,1.0,82.0994,0.03629
2000591,2,591,1.0,82.1319,0.0363
2000592,2,592,1.0,82.1643,0.0363
2000593,2,593,1.0,82.1967,0.03631
2000594,2,594,1.0,82.2291,0.03632
2000595,2,595,1.0,82.2614,0.03633
2000596,2,596,1.0,82.2938,0.03633
2000597,2,597,1.0,82.3261,0.03634
2000598,2,598,1.0,82.3583,0.03635
2000599,2,599,1.0,82.3906,0.03636
2000600,2,600,1.0,82.4228,0.03636
2000601,2,601,1.0,82.455,0.03637
2000602,2,602,1.0,82.4872,0.03638
2000603,2,603,1.0,82.5193,0.03639
2000604,2,604,1.0,82.5514,0.03639
2000605,2,605,1.0,82.5835,0.0364
2000606,2,606,1.0,82.6156,0.03641
2000607,2,607,1.0,82.6476,0.03642
2000608,2,608,1.0,82.6796,0.03642
2000609,2,609,1.0,82.7116,0.03643
2000610,2,610,1.0,82.7436,0.03644
2000611,2,611,1.0,82.7755,0.03645
2000612,2,612,1.0,82.8074,0.03645
2000613,2,613,1.0,82.8393,0.03646
2000614,2,614,1.0,82.8712,0.03647
2000615,2,615,1.0,82.903,0.03648
2000616,2,616,1.0,82.9348,0.03648
2000617,2,617,1.0,82.9666,0.03649
2000618,2,618,1.0,82.9984,0.0365
2000619,2,619,1.0,83.0301,0.0365
2000620,2,620,1.0,83.0618,0.03651
2000621,2,621,1.0,83.0935,0.03652
2000622,2,622,1.0,83.1251,0.03653
2000623,2,623,1.0,83.1568,0.03653
2000624,2,624,1.0,83.1884,0.03654
2000625,2,625,1.0,83.22,0.03655
2000626,2,626,1.0,83.2515,0.03656
2000627,2,627,1.0,83.2831,0.03656
2000628,2,628,1.0,83.3146,0.03657
2000629,2,629,1.0,83.3461,0.03658
2000630,2,630,1.0,83.3775,0.03659
2000631,2,631,1.0,83.4089,0.03659
2000632,2,632,1.0,83.4403,0.0366
2000633,2,633,1.0,83.4717,0.03661
2000634,2,634,1.0,83.5031,0.03662
2000635,2,635,1.0,83.5344,0.03662
2000636,2,636,1.0,83.5657,0.03663
2000637,2,637,1.0,83.597,0.03664
2000638,2,638,1.0,83.6283,0.03665
2000639,2,639,1.0,83.6595,0.03665
2000640,2,640,1.0,83.6907,0.03666
2000641,2,641,1.0,83.7219,0.03667
2000642,2,642,1.0,83.753,0.03668
2000643,2,643,1.0,83.7842,0.03668
2000644,2,644,1.0,83.8153,0.03669
2000645,2,645,1.0,83.8464,0.0367
2000646,2,646,1.0,83.8774,0.03671
2000647,2,647,1.0,83.9085,0.03671
2000648,2,648,1.0,83.9395,0.03672
2000649,2,649,1.0,83.9705,0.03673
2000650,2,650,1.0,84.0014,0.03674
2000651,2,651,1.0,84.0324,0.03674
2000652,2,652,1.0,84.0633,0.03675
2000653,2,653,1.0,84.0941,0.03676
2000654,2,654,1.0,84.125,0.03677
2000655,2,655,1.0,84.1558,0.03677
2000656,2,656,1.0,84.1867,0.03678
2000657,2,657,1.0,84.2174,0.03679
2000658,2,658,1.0,84.2482,0.0368
2000659,2,659,1.0,84.2789,0.0368
2000660,2,660,1.0,84.3096,0.03681
2000661,2,661,1.0,84.3403,0.03682
2000662,2,662,1.0,84.371,0.03683
2000663,2,663,1.0,84.4016,0.03683
2000664,2,664,1.0,84.4323,0.03684
2000665,2,665,1.0,84.4628,0.03685
2000666,2,666,1.0,84.4934,0.03686
2000667,2,667,1.0,84.5239,0.03686
2000668,2,668,1.0,84.5545,0.03687
2000669,2,669,1.0,84.585,0.03688
2000670,2,670,1.0,84.6154,0.03689
2000671,2,671,1.0,84.6459,0.03689
2000672,2,672,1.0,84.6763,0.0369
2000673,2,673,1.0,84.7067,0.03691
2000674,2,674,1.0,84.737,0.03692
2000675,2,675,1.0,84.7674,0.03692
2000676,2,676,1.0,84.7977,0.03693
2000677,2,677,1.0,84.828,0.03694
2000678,2,678,1.0,84.8583,0.03695
2000679,2,679,1.0,84.8885,0.03695
2000680,2,680,1.0,84.9188,0.03696
2000681,2,681,1.0,84.949,0.03697
2000682,2,682,1.0,84.9791,0.03698
2000683,2,683,1.0,85.0093,0.03698
2000684,2,684,1.0,85.0394,0.03699
2000685,2,685,1.0,85.0695,0.037
2000686,2,686,1.0,85.0996,0.03701
2000687,2,687,1.0,85.1297,0.03701
2000688,2,688,1.0,85.1597,0.03702
2000689,2,689,1.0,85.1897,0.03703
2000690,2,690,1.0,85.2197,0.03704
2000691,2,691,1.0,85.2497,0.03704
2000692,2,692,1.0,85.2796,0.03705
2000693,2,693,1.0,85.3096,0.03706
2000694,2,694,1.0,85.3395,0.03706
2000695,2,695,1.0,85.3693,0.03707
2000696,2,696,1.0,85.3992,0.03708
2000697,2,697,1.0,85.429,0.03709
2000698,2,698,1.0,85.4588,0.03709
2000699,2,699,1.0,85.4886,0.0371
2000700,2,700,1.0,85.5184,0.03711
2000701,2,701,1.0,85.5481,0.03712
2000702,2,702,1.0,85.5778,0.03712
2000703,2,703,1.0,85.6075,0.03713
2000704,2,704,1.0,85.6372,0.03714
2000705,2,705,1.0,85.6668,0.03715
2000706,2,706,1.0,85.6964,0.03715
2000707,2,707,1.0,85.726,0.03716
2000708,2,708,1.0,85.7556,0.03717
2000709,2,709,1.0,85.7852,0.03718
2000710,2,710,1.0,85.8147,0.03718
2000711,2,711,1.0,85.8442,0.03719
2000712,2,712,1.0,85.8737,0.0372
2000713,2,713,1.0,85.9032,0.03721
2000714,2,714,1.0,85.9326,0.03721
2000715,2,715,1.0,85.9621,0.03722
2000716,2,716,1.0,85.9915,0.03723
2000717,2,717,1.0,86.0208,0.03724
2000718,2,718,1.0,86.0502,0.03724
2000719,2,719,1.0,86.0795,0.03725
2000720,2,720,1.0,86.1089,0.03726
2000721,2,721,1.0,86.1381,0.03727
2000722,2,722,1.0,86.1674,0.03727
2000723,2,723,1.0,86.1967,0.03728
2000724,2,724,1.0,86.2259,0.03729
2000725,2,725,1.0,86.2551,0.03729
2000726,2,726,1.0,86.2843,0.0373
2000727,2,727,1.0,86.3134,0.03731
2000728,2,728,1.0,86.3426,0.03732
2000729,2,729,1.0,86.3717,0.03732
2000730,2,730,1.0,86.4008,0.03733
2000731,2,731,1.0,85.7299,0.03764
2000732,2,732,1.0,85.7589,0.03765
2000733,2,733,1.0,85.788,0.03766
2000734,2,734,1.0,85.817,0.03767
2000735,2,735,1.0,85.846,0.03767
2000736,2,736,1.0,85.8749,0.03768
2000737,2,737,1.0,85.9039,0.03769
2000738,2,738,1.0,85.9328,0.0377
2000739,2,739,1.0,85.9617,0.0377
2000740,2,740,1.0,85.9906,0.03771
2000741,2,741,1.0,86.0194,0.03772
2000742,2,742,1.0,86.0483,0.03772
2000743,2,743,1.0,86.0771,0.03773
2000744,2,744,1.0,86.1059,0.03774
2000745,2,745,1.0,86.1347,0.03775
2000746,2,746,1.0,86.1634,0.03775
2000747,2,747,1.0,86.1921,0.03776
2000748,2,748,1.0,86.2209,0.03777
2000749,2,749,1.0,86.2495,0.03778
2000750,2,750,1.0,86.2782,0.03778
2000751,2,751,1.0,86.3069,0.03779
2000752,2,752,1.0,86.3355,0.0378
2000753,2,753,1.0,86.3641,0.0378
2000754,2,754,1.0,86.3927,0.03781
2000755,2,755,1.0,86.4212,0.03782
2000756,2,756,1.0,86.4498,0.03783
2000757,2,757,1.0,86.4783,0.03783
2000758,2,758,1.0,86.5068,0.03784
2000759,2,759,1.0,86.5353,0.03785
2000760,2,760,1.0,86.5638,0.03786
2000761,2,761,1.0,86.5922,0.03786
2000762,2,762,1.0,86.6206,0.03787
2000763,2,763,1.0,86.649,0.03788
2000764,2,764,1.0,86.6774,0.03788
2000765,2,765,1.0,86.7057,0.03789
2000766,2,766,1.0,86.7341,0.0379
2000767,2,767,1.0,86.7624,0.03791
2000768,2,768,1.0,86.7907,0.03791
2000769,2,769,1.0,86.819,0.03792
2000770,2,770,1.0,86.8472,0.03793
2000771,2,771,1.0,86.8754,0.03794
2000772,2,772,1.0,86.9037,0.03794
2000773,2,773,1.0,86.9319,0.03795
2000774,2,774,1.0,86.96,0.03796
2000775,2,775,1.0,86.9882,0.03796
2000776,2,776,1.0,87.0163,0.03797
2000777,2,777,1.0,87.0444,0.03798
2000778,2,778,1.0,87.0725,0.03799
2000779,2,779,1.0,87.1006,0.03799
2000780,2,780,1.0,87.1286,0.038
2000781,2,781,1.0,87.1567,0.03801
2000782,2,782,1.0,87.1847,0.03801
2000783,2,783,1.0,87.2126,0.03802
2000784,2,784,1.0,87.2406,0.03803
2000785,2,785,1.0,87.2686,0.03804
2000786,2,786,1.0,87.2965,0.03804
2000787,2,787,1.0,87.3244,0.03805
2000788,2,788,1.0,87.3523,0.03806
2000789,2,789,1.0,87.3801,0.03806
2000790,2,790,1.0,87.408,0.03807
2000791,2,791,1.0,87.4358,0.03808
2000792,2,792,1.0,87.4636,0.03809
2000793,2,793,1.0,87.4914,0.03809
2000794,2,794,1.0,87.5192,0.0381
2000795,2,795,1.0,87.5469,0.03811
2000796,2,796,1.0,87.5746,0.03812
2000797,2,797,1.0,87.6023,0.03812
2000798,2,798,1.0,87.63,0.03813
2000799,2,799,1.0,87.6577,0.03814
2000800,2,800,1.0,87.6853,0.03814
2000801,2,801,1.0,87.7129,0.03815
2000802,2,802,1.0,87.7405,0.03816
2000803,2,803,1.0,87.7681,0.03817
2000804,2,804,1.0,87.7956,0.03817
2000805,2,805,1.0,87.8232,0.03818
2000806,2,806,1.0,87.8507,0.03819
2000807,2,807,1.0,87.8782,0.03819
2000808,2,808,1.0,87.9056,0.0382
2000809,2,809,1.0,87.9331,0.03821
2000810,2,810,1.0,87.9605,0.03821
2000811,2,811,1.0,87.9879,0.03822
2000812,2,812,1.0,88.0153,0.03823
2000813,2,813,1.0,88.0427,0.03824
2000814,2,814,1.0,88.07,0.03824
2000815,2,815,1.0,88.0974,0.03825
2000816,2,816,1.0,88.1247,0.03826
2000817,2,817,1.0,88.1519,0.03826
2000818,2,818,1.0,88.1792,0.03827
2000819,2,819,1.0,88.2065,0.03828
2000820,2,820,1.0,88.2337,0.03829
2000821,2,821,1.0,88.2609,0.03829
2000822,2,822,1.0,88.2881,0.0383
2000823,2,823,1.0,88.3152,0.03831
2000824,2,824,1.0,88.3423,0.03831
2000825,2,825,1.0,88.3695,0.03832
2000826,2,826,1.0,88.3966,0.03833
2000827,2,827,1.0,88.4236,0.03834
2000828,2,828,1.0,88.4507,0.03834
2000829,2,829,1.0,88.4777,0.03835
2000830,2,830,1.0,88.5047,0.03836
2000831,2,831,1.0,88.5317,0.03836
2000832,2,832,1.0,88.5587,0.03837
2000833,2,833,1.0,88.5856,0.03838
2000834,2,834,1.0,88.6126,0.03838
2000835,2,835,1.0,88.6395,0.03839
2000836,2,836,1.0,88.6664,0.0384
2000837,2,837,1.0,88.6932,0.03841
2000838,2,838,1.0,88.7201,0.03841
2000839,2,839,1.0,88.7469,0.03842
2000840,2,840,1.0,88.7737,0.03843
2000841,2,841,1.0,88.8005,0.03843
2000842,2,842,1.0,88.8273,0.03844
2000843,2,843,1.0,88.854,0.03845
2000844,2,844,1.0,88.8807,0.03845
2000845,2,845,1.0,88.9074,0.03846
2000846,2,846,1.0,88.9341,0.03847
2000847,2,847,1.0,88.9608,0.03848
2000848,2,848,1.0,88.9874,0.03848
2000849,2,849,1.0,89.014,0.03849
2000850,2,850,1.0,89.0406,0.0385
2000851,2,851,1.0,89.0672,0.0385
2000852,2,852,1.0,89.0938,0.03851
2000853,2,853,1.0,89.1203,0.03852
2000854,2,854,1.0,89.1468,0.03852
2000855,2,855,1.0,89.1733,0.03853
2000856,2,856,1.0,89.1998,0.03854
2000857,2,857,1.0,89.2263,0.03855
2000858,2,858,1.0,89.2527,0.03855
2000859,2,859,1.0,89.2791,0.03856
2000860,2,860,1.0,89.3055,0.03857
2000861,2,861,1.0,89.3319,0.03857
2000862,2,862,1.0,89.3583,0.03858
2000863,2,863,1.0,89.3846,0.03859
2000864,2,864,1.0,89.4109,0.03859
2000865,2,865,1.0,89.4372,0.0386
2000866,2,866,1.0,89.4635,0.03861
2000867,2,867,1.0,89.4898,0.03861
2000868,2,868,1.0,89.516,0.03862
2000869,2,869,1.0,89.5422,0.03863
2000870,2,870,1.0,89.5684,0.03864
2000871,2,871,1.0,89.5946,0.03864
2000872,2,872,1.0,89.6208,0.03865
2000873,2,873,1.0,89.6469,0.03866
2000874,2,874,1.0,89.673,0.03866
2000875,2,875,1.0,89.6991,0.03867
2000876,2,876,1.0,89.7252,0.03868
2000877,2,877,1.0,89.7513,0.03868
2000878,2,878,1.0,89.7773,0.03869
2000879,2,879,1.0,89.8033,0.0387
2000880,2,880,1.0,89.8293,0.0387
2000881,2,881,1.0,89.8553,0.03871
2000882,2,882,1.0,89.8813,0.03872
2000883,2,883,1.0,89.9072,0.03872
2000884,2,884,1.0,89.9331,0.03873
2000885,2,885,1.0,89.9591,0.03874
2000886,2,886,1.0,89.9849,0.03874
2000887,2,887,1.0,90.0108,0.03875
2000888,2,888,1.0,90.0366,0.03876
2000889,2,889,1.0,90.0625,0.03877
2000890,2,890,1.0,90.0883,0.03877
2000891,2,891,1.0,90.1141,0.03878
2000892,2,892,1.0,90.1398,0.03879
2000893,2,893,1.0,90.1656,0.03879
2000894,2,894,1.0,90.1913,0.0388
2000895,2,895,1.0,90.217,0.03881
2000896,2,896,1.0,90.2427,0.03881
2000897,2,897,1.0,90.2684,0.03882
2000898,2,898,1.0,90.294,0.03883
2000899,2,899,1.0,90.3197,0.03883
2000900,2,900,1.0,90.3453,0.03884
2000901,2,901,1.0,90.3709,0.03885
2000902,2,902,1.0,90.3965,0.03885
2000903,2,903,1.0,90.422,0.03886
2000904,2,904,1.0,90.4476,0.03887
2000905,2,905,1.0,90.4731,0.03887
2000906,2,906,1.0,90.4986,0.03888
2000907,2,907,1.0,90.524,0.03889
2000908,2,908,1.0,90.5495,0.03889
2000909,2,909,1.0,90.575,0.0389
2000910,2,910,1.0,90.6004,0.03891
2000911,2,911,1.0,90.6258,0.03891
2000912,2,912,1.0,90.6512,0.03892
2000913,2,913,1.0,90.6765,0.03893
2000914,2,914,1.0,90.7019,0.03893
2000915,2,915,1.0,90.7272,0.03894
2000916,2,916,1.0,90.7525,0.03895
2000917,2,917,1.0,90.7778,0.03895
2000918,2,918,1.0,90.8031,0.03896
2000919,2,919,1.0,90.8283,0.03897
2000920,2,920,1.0,90.8536,0.03897
2000921,2,921,1.0,90.8788,0.03898
2000922,2,922,1.0,90.904,0.03899
2000923,2,923,1.0,90.9292,0.03899
2000924,2,924,1.0,90.9544,0.039
2000925,2,925,1.0,90.9795,0.03901
2000926,2,926,1.0,91.0046,0.03901
2000927,2,927,1.0,91.0297,0.03902
2000928,2,928,1.0,91.0548,0.03903
2000929,2,929,1.0,91.0799,0.03903
2000930,2,930,1.0,91.105,0.03904
2000931,2,931,1.0,91.13,0.03905
2000932,2,932,1.0,91.155,0.03905
2000933,2,933,1.0,91.18,0.03906
2000934,2,934,1.0,91.205,0.03907
2000935,2,935,1.0,91.23,0.03907
2000936,2,936,1.0,91.2549,0.03908
2000937,2,937,1.0,91.2799,0.03909
2000938,2,938,1.0,91.3048,0.03909
2000939,2,939,1.0,91.3297,0.0391
2000940,2,940,1.0,91.3545,0.03911
2000941,2,941,1.0,91.3794,0.03911
2000942,2,942,1.0,91.4043,0.03912
2000943,2,943,1.0,91.4291,0.03913
2000944,2,944,1.0,91.4539,0.03913
2000945,2,945,1.0,91.4787,0.03914
2000946,2,946,1.0,91.5035,0.03915
2000947,2,947,1.0,91.5282,0.03915
2000948,2,948,1.0,91.553,0.03916
2000949,2,949,1.0,91.5777,0.03917
2000950,2,950,1.0,91.6024,0.03917
2000951,2,951,1.0,91.6271,0.03918
2000952,2,952,1.0,91.6518,0.03918
2000953,2,953,1.0,91.6764,0.03919
2000954,2,954,1.0,91.7011,0.0392
2000955,2,955,1.0,91.7257,0.0392
2000956,2,956,1.0,91.7503,0.03921
2000957,2,957,1.0,91.7749,0.03922
2000958,2,958,1.0,91.7995,0.03922
2000959,2,959,1.0,91.8241,0.03923
2000960,2,960,1.0,91.8486,0.03924
2000961,2,961,1.0,91.8731,0.03924
2000962,2,962,1.0,91.8976,0.03925
2000963,2,963,1.0,91.9221,0.03926
2000964,2,964,1.0,91.9466,0.03926
2000965,2,965,1.0,91.9711,0.03927
2000966,2,966,1.0,91.9955,0.03928
2000967,2,967,1.0,92.02,0.03928
2000968,2,968,1.0,92.0444,0.03929
2000969,2,969,1.0,92.0688,0.03929
2000970,2,970,1.0,92.0932,0.0393
2000971,2,971,1.0,92.1175,0.03931
2000972,2,972,1.0,92.1419,0.03931
2000973,2,973,1.0,92.1662,0.03932
2000974,2,974,1.0,92.1906,0.03933
2000975,2,975,1.0,92.2149,0.03933
2000976,2,976,1.0,92.2392,0.03934
2000977,2,977,1.0,92.2635,0.03935
2000978,2,978,1.0,92.2877,0.03935
2000979,2,979,1.0,92.312,0.03936
2000980,2,980,1.0,92.3362,0.03936
2000981,2,981,1.0,92.3604,0.03937
2000982,2,982,1.0,92.3846,0.03938
2000983,2,983,1.0,92.4088,0.03938
2000984,2,984,1.0,92.433,0.03939
2000985,2,985,1.0,92.4572,0.0394
2000986,2,986,1.0,92.4813,0.0394
2000987,2,987,1.0,92.5054,0.03941
2000988,2,988,1.0,92.5295,0.03942
2000989,2,989,1.0,92.5536,0.03942
2000990,2,990,1.0,92.5777,0.03943
2000991,2,991,1.0,92.6018,0.03943
2000992,2,992,1.0,92.6259,0.03944
2000993,2,993,1.0,92.6499,0.03945
2000994,2,994,1.0,92.6739,0.03945
2000995,2,995,1.0,92.698,0.03946
2000996,2,996,1.0,92.722,0.03947
2000997,2,997,1.0,92.7459,0.03947
2000998,2,998,1.0,92.7699,0.03948
2000999,2,999,1.0,92.7939,0.03948
2001000,2,1000,1.0,92.8178,0.03949
2001001,2,1001,1.0,92.8418,0.0395
2001002,2,1002,1.0,92.8657,0.0395
2001003,2,1003,1.0,92.8896,0.03951
2001004,2,1004,1.0,92.9135,0.03952
2001005,2,1005,1.0,92.9373,0.03952
2001006,2,1006,1.0,92.9612,0.03953
2001007,2,1007,1.0,92.985,0.03953
2001008,2,1008,1.0,93.0089,0.03954
2001009,2,1009,1.0,93.0327,0.03955
2001010,2,1010,1.0,93.0565,0.03955
2001011,2,1011,1.0,93.0803,0.03956
2001012,2,1012,1.0,93.1041,0.03957
2001013,2,1013,1.0,93.1278,0.03957
2001014,2,1014,1.0,93.1516,0.03958
2001015,2,1015,1.0,93.1753,0.03958
2001016,2,1016,1.0,93.1991,0.03959
2001017,2,1017,1.0,93.2228,0.0396
2001018,2,1018,1.0,93.2465,0.0396
2001019,2,1019,1.0,93.2702,0.03961
2001020,2,1020,1.0,93.2938,0.03961
2001021,2,1021,1.0,93.3175,0.03962
2001022,2,1022,1.0,93.3411,0.03963
2001023,2,1023,1.0,93.3648,0.03963
2001024,2,1024,1.0,93.3884,0.03964
2001025,2,1025,1.0,93.412,0.03964
2001026,2,1026,1.0,93.4356,0.03965
2001027,2,1027,1.0,93.4592,0.03966
2001028,2,1028,1.0,93.4827,0.03966
2001029,2,1029,1.0,93.5063,0.03967
2001030,2,1030,1.0,93.5298,0.03968
2001031,2,1031,1.0,93.5534,0.03968
2001032,2,1032,1.0,93.5769,0.03969
2001033,2,1033,1.0,93.6004,0.03969
2001034,2,1034,1.0,93.6239,0.0397
2001035,2,1035,1.0,93.6473,0.03971
2001036,2,1036,1.0,93.6708,0.03971
2001037,2,1037,1.0,93.6943,0.03972
2001038,2,1038,1.0,93.7177,0.03972
2001039,2,1039,1.0,93.7411,0.03973
2001040,2,1040,1.0,93.7646,0.03974
2001041,2,1041,1.0,93.788,0.03974
2001042,2,1042,1.0,93.8113,0.03975
2001043,2,1043,1.0,93.8347,0.03975
2001044,2,1044,1.0,93.8581,0.03976
2001045,2,1045,1.0,93.8814,0.03977
2001046,2,1046,1.0,93.9048,0.03977
2001047,2,1047,1.0,93.9281,0.03978
2001048,2,1048,1.0,93.9514,0.03978
2001049,2,1049,1.0,93.9747,0.03979
2001050,2,1050,1.0,93.998,0.0398
2001051,2,1051,1.0,94.0213,0.0398
2001052,2,1052,1.0,94.0446,0.03981
2001053,2,1053,1.0,94.0678,0.03981
2001054,2,1054,1.0,94.0911,0.03982
2001055,2,1055,1.0,94.1143,0.03983
2001056,2,1056,1.0,94.1376,0.03983
2001057,2,1057,1.0,94.1608,0.03984
2001058,2,1058,1.0,94.184,0.03984
2001059,2,1059,1.0,94.2071,0.03985
2001060,2,1060,1.0,94.2303,0.03986
2001061,2,1061,1.0,94.2535,0.03986
2001062,2,1062,1.0,94.2766,0.03987
2001063,2,1063,1.0,94.2998,0.03987
2001064,2,1064,1.0,94.3229,0.03988
2001065,2,1065,1.0,94.346,0.03989
2001066,2,1066,1.0,94.3691,0.03989
2001067,2,1067,1.0,94.3922,0.0399
2001068,2,1068,1.0,94.4153,0.0399
2001069,2,1069,1.0,94.4384,0.03991
2001070,2,1070,1.0,94.4615,0.03991
2001071,2,1071,1.0,94.4845,0.03992
2001072,2,1072,1.0,94.5075,0.03993
2001073,2,1073,1.0,94.5306,0.03993
2001074,2,1074,1.0,94.5536,0.03994
2001075,2,1075,1.0,94.5766,0.03994
2001076,2,1076,1.0,94.5996,0.03995
2001077,2,1077,1.0,94.6226,0.03996
2001078,2,1078,1.0,94.6455,0.03996
2001079,2,1079,1.0,94.6685,0.03997
2001080,2,1080,1.0,94.6914,0.03997
2001081,2,1081,1.0,94.7144,0.03998
2001082,2,1082,1.0,94.7373,0.03999
2001083,2,1083,1.0,94.7602,0.03999
2001084,2,1084,1.0,94.7831,0.04
2001085,2,1085,1.0,94.806,0.04
2001086,2,1086,1.0,94.8289,0.04001
2001087,2,1087,1.0,94.8518,0.04001
2001088,2,1088,1.0,94.8747,0.04002
2001089,2,1089,1.0,94.8975,0.04003
2001090,2,1090,1.0,94.9203,0.04003
2001091,2,1091,1.0,94.9432,0.04004
2001092,2,1092,1.0,94.966,0.04004
2001093,2,1093,1.0,94.9888,0.04005
2001094,2,1094,1.0,95.0116,0.04005
2001095,2,1095,1.0,95.0344,0.04006
2001096,2,1096,1.0,95.0572,0.04007
2001097,2,1097,1.0,95.0799,0.04007
2001098,2,1098,1.0,95.1027,0.04008
2001099,2,1099,1.0,95.1254,0.04008
2001100,2,1100,1.0,95.1482,0.04009
2001101,2,1101,1.0,95.1709,0.04009
2001102,2,1102,1.0,95.1936,0.0401
2001103,2,1103,1.0,95.2163,0.04011
2001104,2,1104,1.0,95.239,0.04011
2001105,2,1105,1.0,95.2617,0.04012
2001106,2,1106,1.0,95.2844,0.04012
2001107,2,1107,1.0,95.307,0.04013
2001108,2,1108,1.0,95.3297,0.04013
2001109,2,1109,1.0,95.3523,0.04014
2001110,2,1110,1.0,95.375,0.04015
2001111,2,1111,1.0,95.3976,0.04015
2001112,2,1112,1.0,95.4202,0.04016
2001113,2,1113,1.0,95.4428,0.04016
2001114,2,1114,1.0,95.4654,0.04017
2001115,2,1115,1.0,95.488,0.04017
2001116,2,1116,1.0,95.5105,0.04018
2001117,2,1117,1.0,95.5331,0.04019
2001118,2,1118,1.0,95.5556,0.04019
2001119,2,1119,1.0,95.5782,0.0402
2001120,2,1120,1.0,95.6007,0.0402
2001121,2,1121,1.0,95.6232,0.04021
2001122,2,1122,1.0,95.6457,0.04021
2001123,2,1123,1.0,95.6682,0.04022
2001124,2,1124,1.0,95.6907,0.04023
2001125,2,1125,1.0,95.7132,0.04023
2001126,2,1126,1.0,95.7356,0.04024
2001127,2,1127,1.0,95.7581,0.04024
2001128,2,1128,1.0,95.7805,0.04025
2001129,2,1129,1.0,95.803,0.04025
2001130,2,1130,1.0,95.8254,0.04026
2001131,2,1131,1.0,95.8478,0.04026
2001132,2,1132,1.0,95.8702,0.04027
2001133,2,1133,1.0,95.8926,0.04028
2001134,2,1134,1.0,95.915,0.04028
2001135,2,1135,1.0,95.9374,0.04029
2001136,2,1136,1.0,95.9597,0.04029
2001137,2,1137,1.0,95.9821,0.0403
2001138,2,1138,1.0,96.0044,0.0403
2001139,2,1139,1.0,96.0268,0.04031
2001140,2,1140,1.0,96.0491,0.04032
2001141,2,1141,1.0,96.0714,0.04032
2001142,2,1142,1.0,96.0937,0.04033
2001143,2,1143,1.0,96.116,0.04033
2001144,2,1144,1.0,96.1383,0.04034
2001145,2,1145,1.0,96.1606,0.04034
2001146,2,1146,1.0,96.1828,0.04035
2001147,2,1147,1.0,96.2051,0.04035
2001148,2,1148,1.0,96.2273,0.04036
2001149,2,1149,1.0,96.2495,0.04036
2001150,2,1150,1.0,96.2718,0.04037
2001151,2,1151,1.0,96.294,0.04038
2001152,2,1152,1.0,96.3162,0.04038
2001153,2,1153,1.0,96.3384,0.04039
2001154,2,1154,1.0,96.3606,0.04039
2001155,2,1155,1.0,96.3827,0.0404
2001156,2,1156,1.0,96.4049,0.0404
2001157,2,1157,1.0,96.427,0.04041
2001158,2,1158,1.0,96.4492,0.04041
2001159,2,1159,1.0,96.4713,0.04042
2001160,2,1160,1.0,96.4934,0.04043
2001161,2,1161,1.0,96.5156,0.04043
2001162,2,1162,1.0,96.5377,0.04044
2001163,2,1163,1.0,96.5598,0.04044
2001164,2,1164,1.0,96.5818,0.04045
2001165,2,1165,1.0,96.6039,0.04045
2001166,2,1166,1.0,96.626,0.04046
2001167,2,1167,1.0,96.648,0.04046
2001168,2,1168,1.0,96.6701,0.04047
2001169,2,1169,1.0,96.6921,0.04047
2001170,2,1170,1.0,96.7141,0.04048
2001171,2,1171,1.0,96.7362,0.04049
2001172,2,1172,1.0,96.7582,0.04049
2001173,2,1173,1.0,96.7802,0.0405
2001174,2,1174,1.0,96.8021,0.0405
2001175,2,1175,1.0,96.8241,0.04051
2001176,2,1176,1.0,96.8461,0.04051
2001177,2,1177,1.0,96.868,0.04052
2001178,2,1178,1.0,96.89,0.04052
2001179,2,1179,1.0,96.9119,0.04053
2001180,2,1180,1.0,96.9339,0.04053
2001181,2,1181,1.0,96.9558,0.04054
2001182,2,1182,1.0,96.9777,0.04054
2001183,2,1183,1.0,96.9996,0.04055
2001184,2,1184,1.0,97.0215,0.04056
2001185,2,1185,1.0,97.0434,0.04056
2001186,2,1186,1.0,97.0652,0.04057
2001187,2,1187,1.0,97.0871,0.04057
2001188,2,1188,1.0,97.1089,0.04058
2001189,2,1189,1.0,97.1308,0.04058
2001190,2,1190,1.0,97.1526,0.04059
2001191,2,1191,1.0,97.1744,0.04059
2001192,2,1192,1.0,97.1963,0.0406
2001193,2,1193,1.0,97.2181,0.0406
2001194,2,1194,1.0,97.2399,0.04061
2001195,2,1195,1.0,97.2616,0.04061
2001196,2,1196,1.0,97.2834,0.04062
2001197,2,1197,1.0,97.3052,0.04063
2001198,2,1198,1.0,97.3269,0.04063
2001199,2,1199,1.0,97.3487,0.04064
2001200,2,1200,1.0,97.3704,0.04064
2001201,2,1201,1.0,97.3922,0.04065
2001202,2,1202,1.0,97.4139,0.04065
2001203,2,1203,1.0,97.4356,0.04066
2001204,2,1204,1.0,97.4573,0.04066
2001205,2,1205,1.0,97.479,0.04067
2001206,2,1206,1.0,97.5007,0.04067
2001207,2,1207,1.0,97.5223,0.04068
2001208,2,1208,1.0,97.544,0.04068
2001209,2,1209,1.0,97.5657,0.04069
2001210,2,1210,1.0,97.5873,0.04069
2001211,2,1211,1.0,97.6089,0.0407
2001212,2,1212,1.0,97.6306,0.0407
2001213,2,1213,1.0,97.6522,0.04071
2001214,2,1214,1.0,97.6738,0.04072
2001215,2,1215,1.0,97.6954,0.04072
2001216,2,1216,1.0,97.717,0.04073
2001217,2,1217,1.0,97.7385,0.04073
2001218,2,1218,1.0,97.7601,0.04074
2001219,2,1219,1.0,97.7817,0.04074
2001220,2,1220,1.0,97.8032,0.04075
2001221,2,1221,1.0,97.8248,0.04075
2001222,2,1222,1.0,97.8463,0.04076
2001223,2,1223,1.0,97.8678,0.04076
2001224,2,1224,1.0,97.8893,0.04077
2001225,2,1225,1.0,97.9108,0.04077
2001226,2,1226,1.0,97.9323,0.04078
2001227,2,1227,1.0,97.9538,0.04078
2001228,2,1228,1.0,97.9753,0.04079
2001229,2,1229,1.0,97.9968,0.04079
2001230,2,1230,1.0,98.0182,0.0408
2001231,2,1231,1.0,98.0397,0.0408
2001232,2,1232,1.0,98.0611,0.04081
2001233,2,1233,1.0,98.0825,0.04081
2001234,2,1234,1.0,98.1039,0.04082
2001235,2,1235,1.0,98.1253,0.04082
2001236,2,1236,1.0,98.1467,0.04083
2001237,2,1237,1.0,98.1681,0.04084
2001238,2,1238,1.0,98.1895,0.04084
2001239,2,1239,1.0,98.2109,0.04085
2001240,2,1240,1.0,98.2322,0.04085
2001241,2,1241,1.0,98.2536,0.04086
2001242,2,1242,1.0,98.2749,0.04086
2001243,2,1243,1.0,98.2963,0.04087
2001244,2,1244,1.0,98.3176,0.04087
2001245,2,1245,1.0,98.3389,0.04088
2001246,2,1246,1.0,98.3602,0.04088
2001247,2,1247,1.0,98.3815,0.04089
2001248,2,1248,1.0,98.4028,0.04089
2001249,2,1249,1.0,98.4241,0.0409
2001250,2,1250,1.0,98.4453,0.0409
2001251,2,1251,1.0,98.4666,0.04091
2001252,2,1252,1.0,98.4878,0.04091
2001253,2,1253,1.0,98.5091,0.04092
2001254,2,1254,1.0,98.5303,0.04092
2001255,2,1255,1.0,98.5515,0.04093
2001256,2,1256,1.0,98.5727,0.04093
2001257,2,1257,1.0,98.5939,0.04094
2001258,2,1258,1.0,98.6151,0.04094
2001259,2,1259,1.0,98.6363,0.04095
2001260,2,1260,1.0,98.6575,0.04095
2001261,2,1261,1.0,98.6786,0.04096
2001262,2,1262,1.0,98.6998,0.04096
2001263,2,1263,1.0,98.7209,0.04097
2001264,2,1264,1.0,98.7421,0.04097
2001265,2,1265,1.0,98.7632,0.04098
2001266,2,1266,1.0,98.7843,0.04098
2001267,2,1267,1.0,98.8054,0.04099
2001268,2,1268,1.0,98.8265,0.04099
2001269,2,1269,1.0,98.8476,0.041
2001270,2,1270,1.0,98.8687,0.041
2001271,2,1271,1.0,98.8897,0.04101
2001272,2,1272,1.0,98.9108,0.04101
2001273,2,1273,1.0,98.9318,0.04102
2001274,2,1274,1.0,98.9529,0.04103
2001275,2,1275,1.0,98.9739,0.04103
2001276,2,1276,1.0,98.9949,0.04104
2001277,2,1277,1.0,99.0159,0.04104
2001278,2,1278,1.0,99.0369,0.04105
2001279,2,1279,1.0,99.0579,0.04105
2001280,2,1280,1.0,99.0789,0.04106
2001281,2,1281,1.0,99.0999,0.04106
2001282,2,1282,1.0,99.1208,0.04107
2001283,2,1283,1.0,99.1418,0.04107
2001284,2,1284,1.0,99.1628,0.04108
2001285,2,1285,1.0,99.1837,0.04108
2001286,2,1286,1.0,99.2046,0.04109
2001287,2,1287,1.0,99.2255,0.04109
2001288,2,1288,1.0,99.2464,0.0411
2001289,2,1289,1.0,99.2673,0.0411
2001290,2,1290,1.0,99.2882,0.04111
2001291,2,1291,1.0,99.3091,0.04111
2001292,2,1292,1.0,99.33,0.04112
2001293,2,1293,1.0,99.3509,0.04112
2001294,2,1294,1.0,99.3717,0.04113
2001295,2,1295,1.0,99.3926,0.04113
2001296,2,1296,1.0,99.4134,0.04114
2001297,2,1297,1.0,99.4342,0.04114
2001298,2,1298,1.0,99.455,0.04115
2001299,2,1299,1.0,99.4758,0.04115
2001300,2,1300,1.0,99.4966,0.04116
2001301,2,1301,1.0,99.5174,0.04116
2001302,2,1302,1.0,99.5382,0.04117
2001303,2,1303,1.0,99.559,0.04117
2001304,2,1304,1.0,99.5798,0.04118
2001305,2,1305,1.0,99.6005,0.04118
2001306,2,1306,1.0,99.6212,0.04119
2001307,2,1307,1.0,99.642,0.04119
2001308,2,1308,1.0,99.6627,0.0412
2001309,2,1309,1.0,99.6834,0.0412
2001310,2,1310,1.0,99.7041,0.04121
2001311,2,1311,1.0,99.7248,0.04121
2001312,2,1312,1.0,99.7455,0.04122
2001313,2,1313,1.0,99.7662,0.04122
2001314,2,1314,1.0,99.7869,0.04123
2001315,2,1315,1.0,99.8075,0.04123
2001316,2,1316,1.0,99.8282,0.04124
2001317,2,1317,1.0,99.8488,0.04124
2001318,2,1318,1.0,99.8695,0.04125
2001319,2,1319,1.0,99.8901,0.04125
2001320,2,1320,1.0,99.9107,0.04126
2001321,2,1321,1.0,99.9313,0.04126
2001322,2,1322,1.0,99.9519,0.04126
2001323,2,1323,1.0,99.9725,0.04127
2001324,2,1324,1.0,99.9931,0.04127
2001325,2,1325,1.0,100.0137,0.04128
2001326,2,1326,1.0,100.0342,0.04128
2001327,2,1327,1.0,100.0548,0.04129
2001328,2,1328,1.0,100.0753,0.04129
2001329,2,1329,1.0,100.0959,0.0413
2001330,2,1330,1.0,100.1164,0.0413
2001331,2,1331,1.0,100.1369,0.04131
2001332,2,1332,1.0,100.1574,0.04131
2001333,2,1333,1.0,100.1779,0.04132
2001334,2,1334,1.0,100.1984,0.04132
2001335,2,1335,1.0,100.2189,0.04133
2001336,2,1336,1.0,100.2394,0.04133
2001337,2,1337,1.0,100.2598,0.04134
2001338,2,1338,1.0,100.2803,0.04134
2001339,2,1339,1.0,100.3007,0.04135
2001340,2,1340,1.0,100.3212,0.04135
2001341,2,1341,1.0,100.3416,0.04136
2001342,2,1342,1.0,100.362,0.04136
2001343,2,1343,1.0,100.3824,0.04137
2001344,2,1344,1.0,100.4028,0.04137
2001345,2,1345,1.0,100.4232,0.04138
2001346,2,1346,1.0,100.4436,0.04138
2001347,2,1347,1.0,100.464,0.04139
2001348,2,1348,1.0,100.4843,0.04139
2001349,2,1349,1.0,100.5047,0.0414
2001350,2,1350,1.0,100.525,0.0414
2001351,2,1351,1.0,100.5454,0.04141
2001352,2,1352,1.0,100.5657,0.04141
2001353,2,1353,1.0,100.586,0.04142
2001354,2,1354,1.0,100.6063,0.04142
2001355,2,1355,1.0,100.6266,0.04143
2001356,2,1356,1.0,100.6469,0.04143
2001357,2,1357,1.0,100.6672,0.04144
2001358,2,1358,1.0,100.6875,0.04144
2001359,2,1359,1.0,100.7077,0.04145
2001360,2,1360,1.0,100.728,0.04145
2001361,2,1361,1.0,100.7482,0.04146
2001362,2,1362,1.0,100.7685,0.04146
2001363,2,1363,1.0,100.7887,0.04146
2001364,2,1364,1.0,100.8089,0.04147
2001365,2,1365,1.0,100.8291,0.04147
2001366,2,1366,1.0,100.8493,0.04148
2001367,2,1367,1.0,100.8695,0.04148
2001368,2,1368,1.0,100.8897,0.04149
2001369,2,1369,1.0,100.9099,0.04149
2001370,2,1370,1.0,100.9301,0.0415
2001371,2,1371,1.0,100.9502,0.0415
2001372,2,1372,1.0,100.9704,0.04151
2001373,2,1373,1.0,100.9905,0.04151
2001374,2,1374,1.0,101.0107,0.04152
2001375,2,1375,1.0,101.0308,0.04152
2001376,2,1376,1.0,101.0509,0.04153
2001377,2,1377,1.0,101.071,0.04153
2001378,2,1378,1.0,101.0911,0.04154
2001379,2,1379,1.0,101.1112,0.04154
2001380,2,1380,1.0,101.1313,0.04155
2001381,2,1381,1.0,101.1514,0.04155
2001382,2,1382,1.0,101.1714,0.04156
2001383,2,1383,1.0,101.1915,0.04156
2001384,2,1384,1.0,101.2115,0.04157
2001385,2,1385,1.0,101.2316,0.04157
2001386,2,1386,1.0,101.2516,0.04158
2001387,2,1387,1.0,101.2716,0.04158
2001388,2,1388,1.0,101.2917,0.04158
2001389,2,1389,1.0,101.3117,0.04159
2001390,2,1390,1.0,101.3317,0.04159
2001391,2,1391,1.0,101.3517,0.0416
2001392,2,1392,1.0,101.3716,0.0416
2001393,2,1393,1.0,101.3916,0.04161
2001394,2,1394,1.0,101.4116,0.04161
2001395,2,1395,1.0,101.4315,0.04162
2001396,2,1396,1.0,101.4515,0.04162
2001397,2,1397,1.0,101.4714,0.04163
2001398,2,1398,1.0,101.4914,0.04163
2001399,2,1399,1.0,101.5113,0.04164
2001400,2,1400,1.0,101.5312,0.04164
2001401,2,1401,1.0,101.5511,0.04165
2001402,2,1402,1.0,101.571,0.04165
2001403,2,1403,1.0,101.5909,0.04166
2001404,2,1404,1.0,101.6108,0.04166
2001405,2,1405,1.0,101.6306,0.04167
2001406,2,1406,1.0,101.6505,0.04167
2001407,2,1407,1.0,101.6704,0.04167
2001408,2,1408,1.0,101.6902,0.04168
2001409,2,1409,1.0,101.7101,0.04168
2001410,2,1410,1.0,101.7299,0.04169
2001411,2,1411,1.0,101.7497,0.04169
2001412,2,1412,1.0,101.7695,0.0417
2001413,2,1413,1.0,101.7893,0.0417
2001414,2,1414,1.0,101.8091,0.04171
2001415,2,1415,1.0,101.8289,0.04171
2001416,2,1416,1.0,101.8487,0.04172
2001417,2,1417,1.0,101.8685,0.04172
2001418,2,1418,1.0,101.8883,0.04173
2001419,2,1419,1.0,101.908,0.04173
2001420,2,1420,1.0,101.9278,0.04174
2001421,2,1421,1.0,101.9475,0.04174
2001422,2,1422,1.0,101.9673,0.04175
2001423,2,1423,1.0,101.987,0.04175
2001424,2,1424,1.0,102.0067,0.04175
2001425,2,1425,1.0,102.0264,0.04176
2001426,2,1426,1.0,102.0461,0.04176
2001427,2,1427,1.0,102.0658,0.04177
2001428,2,1428,1.0,102.0855,0.04177
2001429,2,1429,1.0,102.1052,0.04178
2001430,2,1430,1.0,102.1249,0.04178
2001431,2,1431,1.0,102.1446,0.04179
2001432,2,1432,1.0,102.1642,0.04179
2001433,2,1433,1.0,102.1839,0.0418
2001434,2,1434,1.0,102.2035,0.0418
2001435,2,1435,1.0,102.2232,0.04181
2001436,2,1436,1.0,102.2428,0.04181
2001437,2,1437,1.0,102.2624,0.04181
2001438,2,1438,1.0,102.282,0.04182
2001439,2,1439,1.0,102.3016,0.04182
2001440,2,1440,1.0,102.3212,0.04183
2001441,2,1441,1.0,102.3408,0.04183
2001442,2,1442,1.0,102.3604,0.04184
2001443,2,1443,1.0,102.38,0.04184
2001444,2,1444,1.0,102.3996,0.04185
2001445,2,1445,1.0,102.4191,0.04185
2001446,2,1446,1.0,102.4387,0.04186
2001447,2,1447,1.0,102.4582,0.04186
2001448,2,1448,1.0,102.4778,0.04187
2001449,2,1449,1.0,102.4973,0.04187
2001450,2,1450,1.0,102.5168,0.04187
2001451,2,1451,1.0,102.5364,0.04188
2001452,2,1452,1.0,102.5559,0.04188
2001453,2,1453,1.0,102.5754,0.04189
2001454,2,1454,1.0,102.5949,0.04189
2001455,2,1455,1.0,102.6144,0.0419
2001456,2,1456,1.0,102.6338,0.0419
2001457,2,1457,1.0,102.6533,0.04191
2001458,2,1458,1.0,102.6728,0.04191
2001459,2,1459,1.0,102.6923,0.04192
2001460,2,1460,1.0,102.7117,0.04192
2001461,2,1461,1.0,102.7312,0.04193
2001462,2,1462,1.0,102.7506,0.04193
2001463,2,1463,1.0,102.77,0.04193
2001464,2,1464,1.0,102.7895,0.04194
2001465,2,1465,1.0,102.8089,0.04194
2001466,2,1466,1.0,102.8283,0.04195
2001467,2,1467,1.0,102.8477,0.04195
2001468,2,1468,1.0,102.8671,0.04196
2001469,2,1469,1.0,102.8865,0.04196
2001470,2,1470,1.0,102.9059,0.04197
2001471,2,1471,1.0,102.9252,0.04197
2001472,2,1472,1.0,102.9446,0.04198
2001473,2,1473,1.0,102.964,0.04198
2001474,2,1474,1.0,102.9833,0.04198
2001475,2,1475,1.0,103.0027,0.04199
2001476,2,1476,1.0,103.022,0.04199
2001477,2,1477,1.0,103.0414,0.042
2001478,2,1478,1.0,103.0607,0.042
2001479,2,1479,1.0,103.08,0.04201
2001480,2,1480,1.0,103.0993,0.04201
2001481,2,1481,1.0,103.1186,0.04202
2001482,2,1482,1.0,103.1379,0.04202
2001483,2,1483,1.0,103.1572,0.04203
2001484,2,1484,1.0,103.1765,0.04203
2001485,2,1485,1.0,103.1958,0.04203
2001486,2,1486,1.0,103.2151,0.04204
2001487,2,1487,1.0,103.2343,0.04204
2001488,2,1488,1.0,103.2536,0.04205
2001489,2,1489,1.0,103.2728,0.04205
2001490,2,1490,1.0,103.2921,0.04206
2001491,2,1491,1.0,103.3113,0.04206
2001492,2,1492,1.0,103.3306,0.04207
2001493,2,1493,1.0,103.3498,0.04207
2001494,2,1494,1.0,103.369,0.04208
2001495,2,1495,1.0,103.3882,0.04208
2001496,2,1496,1.0,103.4074,0.04208
2001497,2,1497,1.0,103.4266,0.04209
2001498,2,1498,1.0,103.4458,0.04209
2001499,2,1499,1.0,103.465,0.0421
2001500,2,1500,1.0,103.4842,0.0421
2001501,2,1501,1.0,103.5034,0.04211
2001502,2,1502,1.0,103.5225,0.04211
2001503,2,1503,1.0,103.5417,0.04212
2001504,2,1504,1.0,103.5608,0.04212
2001505,2,1505,1.0,103.58,0.04212
2001506,2,1506,1.0,103.5991,0.04213
2001507,2,1507,1.0,103.6183,0.04213
2001508,2,1508,1.0,103.6374,0.04214
2001509,2,1509,1.0,103.6565,0.04214
2001510,2,1510,1.0,103.6756,0.04215
2001511,2,1511,1.0,103.6947,0.04215
2001512,2,1512,1.0,103.7138,0.04216
2001513,2,1513,1.0,103.7329,0.04216
2001514,2,1514,1.0,103.752,0.04216
2001515,2,1515,1.0,103.7711,0.04217
2001516,2,1516,1.0,103.7902,0.04217
2001517,2,1517,1.0,103.8092,0.04218
2001518,2,1518,1.0,103.8283,0.04218
2001519,2,1519,1.0,103.8473,0.04219
2001520,2,1520,1.0,103.8664,0.04219
2001521,2,1521,1.0,103.8854,0.0422
2001522,2,1522,1.0,103.9045,0.0422
2001523,2,1523,1.0,103.9235,0.0422
2001524,2,1524,1.0,103.9425,0.04221
2001525,2,1525,1.0,103.9616,0.04221
2001526,2,1526,1.0,103.9806,0.04222
2001527,2,1527,1.0,103.9996,0.04222
2001528,2,1528,1.0,104.0186,0.04223
2001529,2,1529,1.0,104.0376,0.04223
2001530,2,1530,1.0,104.0565,0.04224
2001531,2,1531,1.0,104.0755,0.04224
2001532,2,1532,1.0,104.0945,0.04224
2001533,2,1533,1.0,104.1135,0.04225
2001534,2,1534,1.0,104.1324,0.04225
2001535,2,1535,1.0,104.1514,0.04226
2001536,2,1536,1.0,104.1703,0.04226
2001537,2,1537,1.0,104.1893,0.04227
2001538,2,1538,1.0,104.2082,0.04227
2001539,2,1539,1.0,104.2271,0.04227
2001540,2,1540,1.0,104.2461,0.04228
2001541,2,1541,1.0,104.265,0.04228
2001542,2,1542,1.0,104.2839,0.04229
2001543,2,1543,1.0,104.3028,0.04229
2001544,2,1544,1.0,104.3217,0.0423
2001545,2,1545,1.0,104.3406,0.0423
2001546,2,1546,1.0,104.3595,0.04231
2001547,2,1547,1.0,104.3784,0.04231
2001548,2,1548,1.0,104.3972,0.04231
2001549,2,1549,1.0,104.4161,0.04232
2001550,2,1550,1.0,104.435,0.04232
2001551,2,1551,1.0,104.4538,0.04233
2001552,2,1552,1.0,104.4727,0.04233
2001553,2,1553,1.0,104.4915,0.04234
2001554,2,1554,1.0,104.5104,0.04234
2001555,2,1555,1.0,104.5292,0.04234
2001556,2,1556,1.0,104.548,0.04235
2001557,2,1557,1.0,104.5668,0.04235
2001558,2,1558,1.0,104.5856,0.04236
2001559,2,1559,1.0,104.6045,0.04236
2001560,2,1560,1.0,104.6233,0.04237
2001561,2,1561,1.0,104.6421,0.04237
2001562,2,1562,1.0,104.6608,0.04238
2001563,2,1563,1.0,104.6796,0.04238
2001564,2,1564,1.0,104.6984,0.04238
2001565,2,1565,1.0,104.7172,0.04239
2001566,2,1566,1.0,104.736,0.04239
2001567,2,1567,1.0,104.7547,0.0424
2001568,2,1568,1.0,104.7735,0.0424
2001569,2,1569,1.0,104.7922,0.04241
2001570,2,1570,1.0,104.811,0.04241
2001571,2,1571,1.0,104.8297,0.04241
2001572,2,1572,1.0,104.8484,0.04242
2001573,2,1573,1.0,104.8672,0.04242
2001574,2,1574,1.0,104.8859,0.04243
2001575,2,1575,1.0,104.9046,0.04243
2001576,2,1576,1.0,104.9233,0.04244
2001577,2,1577,1.0,104.942,0.04244
2001578,2,1578,1.0,104.9607,0.04244
2001579,2,1579,1.0,104.9794,0.04245
2001580,2,1580,1.0,104.9981,0.04245
2001581,2,1581,1.0,105.0167,0.04246
2001582,2,1582,1.0,105.0354,0.04246
2001583,2,1583,1.0,105.0541,0.04247
2001584,2,1584,1.0,105.0727,0.04247
2001585,2,1585,1.0,105.0914,0.04247
2001586,2,1586,1.0,105.11,0.04248
2001587,2,1587,1.0,105.1287,0.04248
2001588,2,1588,1.0,105.1473,0.04249
2001589,2,1589,1.0,105.166,0.04249
2001590,2,1590,1.0,105.1846,0.0425
2001591,2,1591,1.0,105.2032,0.0425
2001592,2,1592,1.0,105.2218,0.0425
2001593,2,1593,1.0,105.2404,0.04251
2001594,2,1594,1.0,105.259,0.04251
2001595,2,1595,1.0,105.2776,0.04252
2001596,2,1596,1.0,105.2962,0.04252
2001597,2,1597,1.0,105.3148,0.04253
2001598,2,1598,1.0,105.3334,0.04253
2001599,2,1599,1.0,105.352,0.04253
2001600,2,1600,1.0,105.3705,0.04254
2001601,2,1601,1.0,105.3891,0.04254
2001602,2,1602,1.0,105.4076,0.04255
2001603,2,1603,1.0,105.4262,0.04255
2001604,2,1604,1.0,105.4447,0.04256
2001605,2,1605,1.0,105.4633,0.04256
2001606,2,1606,1.0,105.4818,0.04256
2001607,2,1607,1.0,105.5003,0.04257
2001608,2,1608,1.0,105.5189,0.04257
2001609,2,1609,1.0,105.5374,0.04258
2001610,2,1610,1.0,105.5559,0.04258
2001611,2,1611,1.0,105.5744,0.04259
2001612,2,1612,1.0,105.5929,0.04259
2001613,2,1613,1.0,105.6114,0.04259
2001614,2,1614,1.0,105.6299,0.0426
2001615,2,1615,1.0,105.6483,0.0426
2001616,2,1616,1.0,105.6668,0.04261
2001617,2,1617,1.0,105.6853,0.04261
2001618,2,1618,1.0,105.7037,0.04262
2001619,2,1619,1.0,105.7222,0.04262
2001620,2,1620,1.0,105.7406,0.04262
2001621,2,1621,1.0,105.7591,0.04263
2001622,2,1622,1.0,105.7775,0.04263
2001623,2,1623,1.0,105.796,0.04264
2001624,2,1624,1.0,105.8144,0.04264
2001625,2,1625,1.0,105.8328,0.04264
2001626,2,1626,1.0,105.8512,0.04265
2001627,2,1627,1.0,105.8696,0.04265
2001628,2,1628,1.0,105.888,0.04266
2001629,2,1629,1.0,105.9064,0.04266
2001630,2,1630,1.0,105.9248,0.04267
2001631,2,1631,1.0,105.9432,0.04267
2001632,2,1632,1.0,105.9616,0.04267
2001633,2,1633,1.0,105.98,0.04268
2001634,2,1634,1.0,105.9983,0.04268
2001635,2,1635,1.0,106.0167,0.04269
2001636,2,1636,1.0,106.0351,0.04269
2001637,2,1637,1.0,106.0534,0.0427
2001638,2,1638,1.0,106.0718,0.0427
2001639,2,1639,1.0,106.0901,0.0427
2001640,2,1640,1.0,106.1084,0.04271
2001641,2,1641,1.0,106.1268,0.04271
2001642,2,1642,1.0,106.1451,0.04272
2001643,2,1643,1.0,106.1634,0.04272
2001644,2,1644,1.0,106.1817,0.04272
2001645,2,1645,1.0,106.2,0.04273
2001646,2,1646,1.0,106.2183,0.04273
2001647,2,1647,1.0,106.2366,0.04274
2001648,2,1648,1.0,106.2549,0.04274
2001649,2,1649,1.0,106.2732,0.04275
2001650,2,1650,1.0,106.2915,0.04275
2001651,2,1651,1.0,106.3097,0.04275
2001652,2,1652,1.0,106.328,0.04276
2001653,2,1653,1.0,106.3463,0.04276
2001654,2,1654,1.0,106.3645,0.04277
2001655,2,1655,1.0,106.3828,0.04277
2001656,2,1656,1.0,106.401,0.04277
2001657,2,1657,1.0,106.4192,0.04278
2001658,2,1658,1.0,106.4375,0.04278
2001659,2,1659,1.0,106.4557,0.04279
2001660,2,1660,1.0,106.4739,0.04279
2001661,2,1661,1.0,106.4921,0.0428
2001662,2,1662,1.0,106.5103,0.0428
2001663,2,1663,1.0,106.5285,0.0428
2001664,2,1664,1.0,106.5467,0.04281
2001665,2,1665,1.0,106.5649,0.04281
2001666,2,1666,1.0,106.5831,0.04282
2001667,2,1667,1.0,106.6013,0.04282
2001668,2,1668,1.0,106.6195,0.04282
2001669,2,1669,1.0,106.6376,0.04283
2001670,2,1670,1.0,106.6558,0.04283
2001671,2,1671,1.0,106.6739,0.04284
2001672,2,1672,1.0,106.6921,0.04284
2001673,2,1673,1.0,106.7102,0.04285
2001674,2,1674,1.0,106.7284,0.04285
2001675,2,1675,1.0,106.7465,0.04285
2001676,2,1676,1.0,106.7646,0.04286
2001677,2,1677,1.0,106.7828,0.04286
2001678,2,1678,1.0,106.8009,0.04287
2001679,2,1679,1.0,106.819,0.04287
2001680,2,1680,1.0,106.8371,0.04287
2001681,2,1681,1.0,106.8552,0.04288
2001682,2,1682,1.0,106.8733,0.04288
2001683,2,1683,1.0,106.8914,0.04289
2001684,2,1684,1.0,106.9094,0.04289
2001685,2,1685,1.0,106.9275,0.04289
2001686,2,1686,1.0,106.9456,0.0429
2001687,2,1687,1.0,106.9636,0.0429
2001688,2,1688,1.0,106.9817,0.04291
2001689,2,1689,1.0,106.9998,0.04291
2001690,2,1690,1.0,107.0178,0.04292
2001691,2,1691,1.0,107.0358,0.04292
2001692,2,1692,1.0,107.0539,0.04292
2001693,2,1693,1.0,107.0719,0.04293
2001694,2,1694,1.0,107.0899,0.04293
2001695,2,1695,1.0,107.1079,0.04294
2001696,2,1696,1.0,107.126,0.04294
2001697,2,1697,1.0,107.144,0.04294
2001698,2,1698,1.0,107.162,0.04295
2001699,2,1699,1.0,107.1799,0.04295
2001700,2,1700,1.0,107.1979,0.04296
2001701,2,1701,1.0,107.2159,0.04296
2001702,2,1702,1.0,107.2339,0.04296
2001703,2,1703,1.0,107.2519,0.04297
2001704,2,1704,1.0,107.2698,0.04297
2001705,2,1705,1.0,107.2878,0.04298
2001706,2,1706,1.0,107.3057,0.04298
2001707,2,1707,1.0,107.3237,0.04299
2001708,2,1708,1.0,107.3416,0.04299
2001709,2,1709,1.0,107.3596,0.04299
2001710,2,1710,1.0,107.3775,0.043
2001711,2,1711,1.0,107.3954,0.043
2001712,2,1712,1.0,107.4133,0.04301
2001713,2,1713,1.0,107.4312,0.04301
2001714,2,1714,1.0,107.4492,0.04301
2001715,2,1715,1.0,107.4671,0.04302
2001716,2,1716,1.0,107.4849,0.04302
2001717,2,1717,1.0,107.5028,0.04303
2001718,2,1718,1.0,107.5207,0.04303
2001719,2,1719,1.0,107.5386,0.04303
2001720,2,1720,1.0,107.5565,0.04304
2001721,2,1721,1.0,107.5743,0.04304
2001722,2,1722,1.0,107.5922,0.04305
2001723,2,1723,1.0,107.61,0.04305
2001724,2,1724,1.0,107.6279,0.04305
2001725,2,1725,1.0,107.6457,0.04306
2001726,2,1726,1.0,107.6636,0.04306
2001727,2,1727,1.0,107.6814,0.04307
2001728,2,1728,1.0,107.6992,0.04307
2001729,2,1729,1.0,107.717,0.04308
2001730,2,1730,1.0,107.7349,0.04308
2001731,2,1731,1.0,107.7527,0.04308
2001732,2,1732,1.0,107.7705,0.04309
2001733,2,1733,1.0,107.7883,0.04309
2001734,2,1734,1.0,107.806,0.0431
2001735,2,1735,1.0,107.8238,0.0431
2001736,2,1736,1.0,107.8416,0.0431
2001737,2,1737,1.0,107.8594,0.04311
2001738,2,1738,1.0,107.8772,0.04311
2001739,2,1739,1.0,107.8949,0.04312
2001740,2,1740,1.0,107.9127,0.04312
2001741,2,1741,1.0,107.9304,0.04312
2001742,2,1742,1.0,107.9482,0.04313
2001743,2,1743,1.0,107.9659,0.04313
2001744,2,1744,1.0,107.9836,0.04314
2001745,2,1745,1.0,108.0014,0.04314
2001746,2,1746,1.0,108.0191,0.04314
2001747,2,1747,1.0,108.0368,0.04315
2001748,2,1748,1.0,108.0545,0.04315
2001749,2,1749,1.0,108.0722,0.04316
2001750,2,1750,1.0,108.0899,0.04316
2001751,2,1751,1.0,108.1076,0.04316
2001752,2,1752,1.0,108.1253,0.04317
2001753,2,1753,1.0,108.143,0.04317
2001754,2,1754,1.0,108.1607,0.04318
2001755,2,1755,1.0,108.1783,0.04318
2001756,2,1756,1.0,108.196,0.04318
2001757,2,1757,1.0,108.2137,0.04319
2001758,2,1758,1.0,108.2313,0.04319
2001759,2,1759,1.0,108.249,0.0432
2001760,2,1760,1.0,108.2666,0.0432
2001761,2,1761,1.0,108.2842,0.04321
2001762,2,1762,1.0,108.3019,0.04321
2001763,2,1763,1.0,108.3195,0.04321
2001764,2,1764,1.0,108.3371,0.04322
2001765,2,1765,1.0,108.3547,0.04322
2001766,2,1766,1.0,108.3723,0.04323
2001767,2,1767,1.0,108.3899,0.04323
2001768,2,1768,1.0,108.4075,0.04323
2001769,2,1769,1.0,108.4251,0.04324
2001770,2,1770,1.0,108.4427,0.04324
2001771,2,1771,1.0,108.4603,0.04325
2001772,2,1772,1.0,108.4779,0.04325
2001773,2,1773,1.0,108.4954,0.04325
2001774,2,1774,1.0,108.513,0.04326
2001775,2,1775,1.0,108.5306,0.04326
2001776,2,1776,1.0,108.5481,0.04327
2001777,2,1777,1.0,108.5657,0.04327
2001778,2,1778,1.0,108.5832,0.04327
2001779,2,1779,1.0,108.6008,0.04328
2001780,2,1780,1.0,108.6183,0.04328
2001781,2,1781,1.0,108.6358,0.04329
2001782,2,1782,1.0,108.6533,0.04329
2001783,2,1783,1.0,108.6709,0.04329
2001784,2,1784,1.0,108.6884,0.0433
2001785,2,1785,1.0,108.7059,0.0433
2001786,2,1786,1.0,108.7234,0.04331
2001787,2,1787,1.0,108.7409,0.04331
2001788,2,1788,1.0,108.7583,0.04331
2001789,2,1789,1.0,108.7758,0.04332
2001790,2,1790,1.0,108.7933,0.04332
2001791,2,1791,1.0,108.8108,0.04333
2001792,2,1792,1.0,108.8282,0.04333
2001793,2,1793,1.0,108.8457,0.04333
2001794,2,1794,1.0,108.8632,0.04334
2001795,2,1795,1.0,108.8806,0.04334
2001796,2,1796,1.0,108.8981,0.04335
2001797,2,1797,1.0,108.9155,0.04335
2001798,2,1798,1.0,108.9329,0.04335
2001799,2,1799,1.0,108.9504,0.04336
2001800,2,1800,1.0,108.9678,0.04336
2001801,2,1801,1.0,108.9852,0.04337
2001802,2,1802,1.0,109.0026,0.04337
2001803,2,1803,1.0,109.02,0.04337
2001804,2,1804,1.0,109.0374,0.04338
2001805,2,1805,1.0,109.0548,0.04338
2001806,2,1806,1.0,109.0722,0.04339
2001807,2,1807,1.0,109.0896,0.04339
2001808,2,1808,1.0,109.107,0.04339
2001809,2,1809,1.0,109.1244,0.0434
2001810,2,1810,1.0,109.1417,0.0434
2001811,2,1811,1.0,109.1591,0.04341
2001812,2,1812,1.0,109.1764,0.04341
2001813,2,1813,1.0,109.1938,0.04341
2001814,2,1814,1.0,109.2112,0.04342
2001815,2,1815,1.0,109.2285,0.04342
2001816,2,1816,1.0,109.2458,0.04343
2001817,2,1817,1.0,109.2632,0.04343
2001818,2,1818,1.0,109.2805,0.04343
2001819,2,1819,1.0,109.2978,0.04344
2001820,2,1820,1.0,109.3151,0.04344
2001821,2,1821,1.0,109.3324,0.04345
2001822,2,1822,1.0,109.3498,0.04345
2001823,2,1823,1.0,109.3671,0.04345
2001824,2,1824,1.0,109.3844,0.04346
2001825,2,1825,1.0,109.4016,0.04346
2001826,2,1826,1.0,109.4189,0.04346
