k,sexo,chave,l,m,s
1000000,1,0,0.3487,3.3464,0.14602
1000001,1,1,0.3127,3.3174,0.14693
1000002,1,2,0.3029,3.337,0.14676
1000003,1,3,0.2959,3.3627,0.14647
1000004,1,4,0.2903,3.3915,0.14611
1000005,1,5,0.2855,3.4223,0.14571
1000006,1,6,0.2813,3.4545,0.14528
1000007,1,7,0.2776,3.4879,0.14483
1000008,1,8,0.2742,3.5222,0.14436
1000009,1,9,0.2711,3.5576,0.14388
1000010,1,10,0.2681,3.5941,0.14339
1000011,1,11,0.2654,3.6319,0.1429
1000012,1,12,0.2628,3.671,0.14241
1000013,1,13,0.2604,3.7113,0.14192
1000014,1,14,0.2581,3.7529,0.14142
1000015,1,15,0.2558,3.7956,0.14093
1000016,1,16,0.2537,3.8389,0.14044
1000017,1,17,0.2517,3.8828,0.13996
1000018,1,18,0.2497,3.927,0.13948
1000019,1,19,0.2478,3.9714,0.139
1000020,1,20,0.246,4.0158,0.13853
1000021,1,21,0.2442,4.0603,0.13807
1000022,1,22,0.2425,4.1046,0.13761
1000023,1,23,0.2408,4.1489,0.13715
1000024,1,24,0.2392,4.193,0.1367
1000025,1,25,0.2376,4.2369,0.13626
1000026,1,26,0.2361,4.2806,0.13582
1000027,1,27,0.2346,4.324,0.13539
1000028,1,28,0.2331,4.3671,0.13497
1000029,1,29,0.2317,4.41,0.13455
1000030,1,30,0.2303,4.4525,0.13413
1000031,1,31,0.229,4.4946,0.13372
1000032,1,32,0.2276,4.5363,0.13332
1000033,1,33,0.2263,4.5776,0.13292
1000034,1,34,0.225,4.6185,0.13253
1000035,1,35,0.2237,4.659,0.13215
1000036,1,36,0.2225,4.699,0.13177
1000037,1,37,0.2213,4.7386,0.13139
1000038,1,38,0.2201,4.7778,0.13102
1000039,1,39,0.2189,4.8166,0.13066
1000040,1,40,0.2178,4.8549,0.1303
1000041,1,41,0.2166,4.8928,0.12994
1000042,1,42,0.2155,4.9303,0.1296
1000043,1,43,0.2144,4.9674,0.12925
1000044,1,44,0.2133,5.0041,0.12891
1000045,1,45,0.2122,5.0404,0.12858
1000046,1,46,0.2112,5.0763,0.12825
1000047,1,47,0.2101,5.1118,0.12792
1000048,1,48,0.2091,5.1469,0.1276
1000049,1,49,0.2081,5.1817,0.12729
1000050,1,50,0.2071,5.2161,0.12698
1000051,1,51,0.2061,5.2501,0.12667
1000052,1,52,0.2052,5.2837,0.12637
1000053,1,53,0.2042,5.3171,0.12607
1000054,1,54,0.2032,5.35,0.12577
1000055,1,55,0.2023,5.3826,0.12548
1000056,1,56,0.2014,5.4149,0.1252
1000057,1,57,0.2005,5.4468,0.12491
1000058,1,58,0.1996,5.4784,0.12463
1000059,1,59,0.1987,5.5097,0.12436
1000060,1,60,0.1978,5.5407,0.12409
1000061,1,61,0.1969,5.5714,0.12382
1000062,1,62,0.196,5.6018,0.12356
1000063,1,63,0.1952,5.6319,0.1233
1000064,1,64,0.1943,5.6617,0.12304
1000065,1,65,0.1935,5.6912,0.12279
1000066,1,66,0.1926,5.7205,0.12254
1000067,1,67,0.1918,5.7494,0.12229
1000068,1,68,0.191,5.7781,0.12205
1000069,1,69,0.1902,5.8065,0.12181
1000070,1,70,0.1894,5.8346,0.12157
1000071,1,71,0.1886,5.8625,0.12134
1000072,1,72,0.1878,5.8901,0.12111
1000073,1,73,0.187,5.9174,0.12088
1000074,1,74,0.1863,5.9445,0.12066
1000075,1,75,0.1855,5.9713,0.12044
1000076,1,76,0.1847,5.9979,0.12022
1000077,1,77,0.184,6.0242,0.12001
1000078,1,78,0.1832,6.0503,0.1198
1000079,1,79,0.1825,6.0762,0.11959
1000080,1,80,0.1818,6.1018,0.11939
1000081,1,81,0.181,6.1272,0.11918
1000082,1,82,0.1803,6.1523,0.11899
1000083,1,83,0.1796,6.1772,0.11879
1000084,1,84,0.1789,6.2019,0.1186
1000085,1,85,0.1782,6.2264,0.11841
1000086,1,86,0.1775,6.2507,0.11822
1000087,1,87,0.1768,6.2748,0.11803
1000088,1,88,0.1761,6.2986,0.11785
1000089,1,89,0.1754,6.3223,0.11767
1000090,1,90,0.1747,6.3457,0.1175
1000091,1,91,0.174,6.369,0.11732
1000092,1,92,0.1734,6.3921,0.11715
1000093,1,93,0.1727,6.4149,0.11698
1000094,1,94,0.172,6.4376,0.11682
1000095,1,95,0.1714,6.4601,0.11666
1000096,1,96,0.1707,6.4824,0.11649
1000097,1,97,0.1701,6.5046,0.11634
1000098,1,98,0.1694,6.5265,0.11618
1000099,1,99,0.1688,6.5483,0.11603
1000100,1,100,0.1682,6.5699,0.11588
1000101,1,101,0.1675,6.5914,0.11573
1000102,1,102,0.1669,6.6126,0.11558
1000103,1,103,0.1663,6.6338,0.11544
1000104,1,104,0.1657,6.6547,0.1153
1000105,1,105,0.1651,6.6755,0.11516
1000106,1,106,0.1644,6.6962,0.11502
1000107,1,107,0.1638,6.7166,0.11489
1000108,1,108,0.1632,6.737,0.11476
1000109,1,109,0.1626,6.7572,0.11463
1000110,1,110,0.162,6.7772,0.1145
1000111,1,111,0.1614,6.7971,0.11438
1000112,1,112,0.1609,6.8168,0.11425
1000113,1,113,0.1603,6.8365,0.11413
1000114,1,114,0.1597,6.8559,0.11401
1000115,1,115,0.1591,6.8753,0.1139
1000116,1,116,0.1585,6.8945,0.11378
1000117,1,117,0.158,6.9135,0.11367
1000118,1,118,0.1574,6.9325,0.11356
1000119,1,119,0.1568,6.9513,0.11345
1000120,1,120,0.1563,6.9699,0.11334
1000121,1,121,0.1557,6.9885,0.11324
1000122,1,122,0.1551,7.0069,0.11313
1000123,1,123,0.1546,7.0252,0.11303
1000124,1,124,0.154,7.0434,0.11293
1000125,1,125,0.1535,7.0615,0.11283
1000126,1,126,0.1529,7.0794,0.11274
1000127,1,127,0.1524,7.0972,0.11265
1000128,1,128,0.1519,7.1149,0.11255
1000129,1,129,0.1513,7.1325,0.11246
1000130,1,130,0.1508,7.15,0.11237
1000131,1,131,0.1502,7.1674,0.11229
1000132,1,132,0.1497,7.1846,0.1122
1000133,1,133,0.1492,7.2018,0.11212
1000134,1,134,0.1487,7.2188,0.11204
1000135,1,135,0.1481,7.2357,0.11196
1000136,1,136,0.1476,7.2525,0.11188
1000137,1,137,0.1471,7.2692,0.1118
1000138,1,138,0.1466,7.2858,0.11172
1000139,1,139,0.1461,7.3023,0.11165
1000140,1,140,0.1456,7.3187,0.11158
1000141,1,141,0.1451,7.335,0.1115
1000142,1,142,0.1446,7.3512,0.11143
1000143,1,143,0.1441,7.3673,0.11137
1000144,1,144,0.1436,7.3833,0.1113
1000145,1,145,0.1431,7.3992,0.11123
1000146,1,146,0.1426,7.415,0.11117
1000147,1,147,0.1421,7.4307,0.11111
1000148,1,148,0.1416,7.4463,0.11104
1000149,1,149,0.1411,7.4618,0.11098
1000150,1,150,0.1406,7.4772,0.11092
1000151,1,151,0.1401,7.4925,0.11087
1000152,1,152,0.1396,7.5077,0.11081
1000153,1,153,0.1391,7.5228,0.11075
1000154,1,154,0.1387,7.5379,0.1107
1000155,1,155,0.1382,7.5528,0.11065
1000156,1,156,0.1377,7.5677,0.11059
1000157,1,157,0.1372,7.5824,0.11054
1000158,1,158,0.1368,7.5971,0.11049
1000159,1,159,0.1363,7.6117,0.11044
1000160,1,160,0.1358,7.6262,0.1104
1000161,1,161,0.1354,7.6406,0.11035
1000162,1,162,0.1349,7.655,0.11031
1000163,1,163,0.1344,7.6692,0.11026
1000164,1,164,0.134,7.6834,0.11022
1000165,1,165,0.1335,7.6975,0.11018
1000166,1,166,0.1331,7.7115,0.11013
1000167,1,167,0.1326,7.7255,0.11009
1000168,1,168,0.1322,7.7394,0.11005
1000169,1,169,0.1317,7.7532,0.11002
1000170,1,170,0.1313,7.7669,0.10998
1000171,1,171,0.1308,7.7805,0.10994
1000172,1,172,0.1304,7.7941,0.10991
1000173,1,173,0.1299,7.8076,0.10987
1000174,1,174,0.1295,7.821,0.10984
1000175,1,175,0.129,7.8344,0.1098
1000176,1,176,0.1286,7.8477,0.10977
1000177,1,177,0.1282,7.8609,0.10974
1000178,1,178,0.1277,7.8741,0.10971
1000179,1,179,0.1273,7.8871,0.10968
1000180,1,180,0.1269,7.9002,0.10965
1000181,1,181,0.1264,7.9131,0.10962
1000182,1,182,0.126,7.926,0.10959
1000183,1,183,0.1256,7.9389,0.10957
1000184,1,184,0.1251,7.9516,0.10954
1000185,1,185,0.1247,7.9643,0.10951
1000186,1,186,0.1243,7.977,0.10949
1000187,1,187,0.1239,7.9895,0.10946
1000188,1,188,0.1235,8.0021,0.10944
1000189,1,189,0.123,8.0145,0.10942
1000190,1,190,0.1226,8.0269,0.1094
1000191,1,191,0.1222,8.0392,0.10937
1000192,1,192,0.1218,8.0515,0.10935
1000193,1,193,0.1214,8.0637,0.10933
1000194,1,194,0.121,8.0759,0.10931
1000195,1,195,0.1206,8.0879,0.10929
1000196,1,196,0.1201,8.1,0.10927
1000197,1,197,0.1197,8.112,0.10925
1000198,1,198,0.1193,8.1239,0.10924
1000199,1,199,0.1189,8.1357,0.10922
1000200,1,200,0.1185,8.1475,0.1092
1000201,1,201,0.1181,8.1593,0.10919
1000202,1,202,0.1177,8.171,0.10917
1000203,1,203,0.1173,8.1826,0.10915
1000204,1,204,0.1169,8.1942,0.10914
1000205,1,205,0.1165,8.2058,0.10913
1000206,1,206,0.1161,8.2173,0.10911
1000207,1,207,0.1157,8.2287,0.1091
1000208,1,208,0.1153,8.2401,0.10908
1000209,1,209,0.1149,8.2514,0.10907
1000210,1,210,0.1145,8.2627,0.10906
1000211,1,211,0.1142,8.2739,0.10905
1000212,1,212,0.1138,8.2851,0.10903
1000213,1,213,0.1134,8.2963,0.10902
1000214,1,214,0.113,8.3074,0.10901
1000215,1,215,0.1126,8.3184,0.109
1000216,1,216,0.1122,8.3294,0.10899
1000217,1,217,0.1118,8.3404,0.10898
1000218,1,218,0.1115,8.3513,0.10897
1000219,1,219,0.1111,8.3621,0.10896
1000220,1,220,0.1107,8.3729,0.10895
1000221,1,221,0.1103,8.3837,0.10894
1000222,1,222,0.1099,8.3944,0.10894
1000223,1,223,0.1096,8.4051,0.10893
1000224,1,224,0.1092,8.4157,0.10892
1000225,1,225,0.1088,8.4263,0.10891
1000226,1,226,0.1084,8.4369,0.10891
1000227,1,227,0.1081,8.4474,0.1089
1000228,1,228,0.1077,8.4578,0.10889
1000229,1,229,0.1073,8.4683,0.10889
1000230,1,230,0.107,8.4787,0.10888
1000231,1,231,0.1066,8.489,0.10887
1000232,1,232,0.1062,8.4993,0.10887
1000233,1,233,0.1059,8.5096,0.10886
1000234,1,234,0.1055,8.5198,0.10886
1000235,1,235,0.1051,8.53,0.10885
1000236,1,236,0.1048,8.5401,0.10885
1000237,1,237,0.1044,8.5502,0.10884
1000238,1,238,0.104,8.5603,0.10884
1000239,1,239,0.1037,8.5704,0.10884
1000240,1,240,0.1033,8.5804,0.10883
1000241,1,241,0.103,8.5903,0.10883
1000242,1,242,0.1026,8.6003,0.10882
1000243,1,243,0.1023,8.6102,0.10882
1000244,1,244,0.1019,8.62,0.10882
1000245,1,245,0.1015,8.6299,0.10882
1000246,1,246,0.1012,8.6397,0.10881
1000247,1,247,0.1008,8.6494,0.10881
1000248,1,248,0.1005,8.6592,0.10881
1000249,1,249,0.1001,8.6689,0.10881
1000250,1,250,0.0998,8.6785,0.10881
1000251,1,251,0.0994,8.6882,0.1088
1000252,1,252,0.0991,8.6978,0.1088
1000253,1,253,0.0987,8.7073,0.1088
1000254,1,254,0.0984,8.7169,0.1088
1000255,1,255,0.0981,8.7264,0.1088
1000256,1,256,0.0977,8.7359,0.1088
1000257,1,257,0.0974,8.7453,0.1088
1000258,1,258,0.097,8.7548,0.1088
1000259,1,259,0.0967,8.7642,0.1088
1000260,1,260,0.0963,8.7735,0.1088
1000261,1,261,0.096,8.7829,0.1088
1000262,1,262,0.0957,8.7922,0.1088
1000263,1,263,0.0953,8.8015,0.1088
1000264,1,264,0.095,8.8107,0.1088
1000265,1,265,0.0947,8.82,0.1088
1000266,1,266,0.0943,8.8292,0.1088
1000267,1,267,0.094,8.8384,0.1088
1000268,1,268,0.0937,8.8475,0.1088
1000269,1,269,0.0933,8.8567,0.1088
1000270,1,270,0.093,8.8658,0.1088
1000271,1,271,0.0927,8.8748,0.1088
1000272,1,272,0.0923,8.8839,0.10881
1000273,1,273,0.092,8.8929,0.10881
1000274,1,274,0.0917,8.9019,0.10881
1000275,1,275,0.0913,8.9109,0.10881
1000276,1,276,0.091,8.9199,0.10881
1000277,1,277,0.0907,8.9288,0.10882
1000278,1,278,0.0904,8.9377,0.10882
1000279,1,279,0.09,8.9466,0.10882
1000280,1,280,0.0897,8.9555,0.10882
1000281,1,281,0.0894,8.9643,0.10882
1000282,1,282,0.0891,8.9731,0.10883
1000283,1,283,0.0887,8.9819,0.10883
1000284,1,284,0.0884,8.9907,0.10883
1000285,1,285,0.0881,8.9995,0.10884
1000286,1,286,0.0878,9.0082,0.10884
1000287,1,287,0.0875,9.0169,0.10884
1000288,1,288,0.0871,9.0256,0.10884
1000289,1,289,0.0868,9.0342,0.10885
1000290,1,290,0.0865,9.0429,0.10885
1000291,1,291,0.0862,9.0515,0.10885
1000292,1,292,0.0859,9.0601,0.10886
1000293,1,293,0.0856,9.0687,0.10886
1000294,1,294,0.0852,9.0772,0.10887
1000295,1,295,0.0849,9.0858,0.10887
1000296,1,296,0.0846,9.0943,0.10887
1000297,1,297,0.0843,9.1028,0.10888
1000298,1,298,0.084,9.1113,0.10888
1000299,1,299,0.0837,9.1198,0.10888
1000300,1,300,0.0834,9.1282,0.10889
1000301,1,301,0.0831,9.1366,0.10889
1000302,1,302,0.0827,9.145,0.1089
1000303,1,303,0.0824,9.1534,0.1089
1000304,1,304,0.0821,9.1618,0.1089
1000305,1,305,0.0818,9.1701,0.10891
1000306,1,306,0.0815,9.1785,0.10891
1000307,1,307,0.0812,9.1868,0.10892
1000308,1,308,0.0809,9.1951,0.10892
1000309,1,309,0.0806,9.2034,0.10893
1000310,1,310,0.0803,9.2117,0.10893
1000311,1,311,0.08,9.2199,0.10894
1000312,1,312,0.0797,9.2282,0.10894
1000313,1,313,0.0794,9.2364,0.10894
1000314,1,314,0.0791,9.2446,0.10895
1000315,1,315,0.0788,9.2528,0.10895
1000316,1,316,0.0785,9.261,0.10896
1000317,1,317,0.0782,9.2691,0.10896
1000318,1,318,0.0779,9.2773,0.10897
1000319,1,319,0.0776,9.2854,0.10897
1000320,1,320,0.0773,9.2935,0.10898
1000321,1,321,0.077,9.3016,0.10898
1000322,1,322,0.0767,9.3097,0.10899
1000323,1,323,0.0764,9.3178,0.10899
1000324,1,324,0.0761,9.3258,0.109
1000325,1,325,0.0758,9.3339,0.10901
1000326,1,326,0.0755,9.3419,0.10901
1000327,1,327,0.0752,9.3499,0.10902
1000328,1,328,0.0749,9.3579,0.10902
1000329,1,329,0.0746,9.3659,0.10903
1000330,1,330,0.0744,9.3739,0.10903
1000331,1,331,0.0741,9.3819,0.10904
1000332,1,332,0.0738,9.3898,0.10904
1000333,1,333,0.0735,9.3978,0.10905
1000334,1,334,0.0732,9.4057,0.10905
1000335,1,335,0.0729,9.4136,0.10906
1000336,1,336,0.0726,9.4215,0.10907
1000337,1,337,0.0723,9.4294,0.10907
1000338,1,338,0.072,9.4373,0.10908
1000339,1,339,0.0718,9.4452,0.10908
1000340,1,340,0.0715,9.453,0.10909
1000341,1,341,0.0712,9.4609,0.1091
1000342,1,342,0.0709,9.4687,0.1091
1000343,1,343,0.0706,9.4765,0.10911
1000344,1,344,0.0703,9.4844,0.10911
1000345,1,345,0.0701,9.4922,0.10912
1000346,1,346,0.0698,9.4999,0.10913
1000347,1,347,0.0695,9.5077,0.10913
1000348,1,348,0.0692,9.5155,0.10914
1000349,1,349,0.0689,9.5232,0.10915
1000350,1,350,0.0686,9.531,0.10915
1000351,1,351,0.0684,9.5387,0.10916
1000352,1,352,0.0681,9.5464,0.10916
1000353,1,353,0.0678,9.5542,0.10917
1000354,1,354,0.0675,9.5619,0.10918
1000355,1,355,0.0672,9.5696,0.10918
1000356,1,356,0.067,9.5772,0.10919
1000357,1,357,0.0667,9.5849,0.1092
1000358,1,358,0.0664,9.5926,0.1092
1000359,1,359,0.0661,9.6002,0.10921
1000360,1,360,0.0659,9.6079,0.10922
1000361,1,361,0.0656,9.6155,0.10922
1000362,1,362,0.0653,9.6231,0.10923
1000363,1,363,0.065,9.6308,0.10924
1000364,1,364,0.0648,9.6384,0.10925
1000365,1,365,0.0645,9.646,0.10925
1000366,1,366,0.0642,9.6535,0.10926
1000367,1,367,0.064,9.6611,0.10927
1000368,1,368,0.0637,9.6687,0.10927
1000369,1,369,0.0634,9.6763,0.10928
1000370,1,370,0.0631,9.6838,0.10929
1000371,1,371,0.0629,9.6914,0.1093
1000372,1,372,0.0626,9.6989,0.1093
1000373,1,373,0.0623,9.7064,0.10931
1000374,1,374,0.0621,9.7139,0.10932
1000375,1,375,0.0618,9.7214,0.10933
1000376,1,376,0.0615,9.7289,0.10933
1000377,1,377,0.0613,9.7364,0.10934
1000378,1,378,0.061,9.7439,0.10935
1000379,1,379,0.0607,9.7514,0.10936
1000380,1,380,0.0605,9.7588,0.10936
1000381,1,381,0.0602,9.7663,0.10937
1000382,1,382,0.0599,9.7738,0.10938
1000383,1,383,0.0597,9.7812,0.10939
1000384,1,384,0.0594,9.7886,0.10939
1000385,1,385,0.0591,9.796,0.1094
1000386,1,386,0.0589,9.8035,0.10941
1000387,1,387,0.0586,9.8109,0.10942
1000388,1,388,0.0583,9.8183,0.10943
1000389,1,389,0.0581,9.8257,0.10943
1000390,1,390,0.0578,9.833,0.10944
1000391,1,391,0.0576,9.8404,0.10945
1000392,1,392,0.0573,9.8478,0.10946
1000393,1,393,0.057,9.8551,0.10947
1000394,1,394,0.0568,9.8625,0.10948
1000395,1,395,0.0565,9.8699,0.10948
1000396,1,396,0.0563,9.8772,0.10949
1000397,1,397,0.056,9.8845,0.1095
1000398,1,398,0.0557,9.8918,0.10951
1000399,1,399,0.0555,9.8992,0.10952
1000400,1,400,0.0552,9.9065,0.10953
1000401,1,401,0.055,9.9138,0.10954
1000402,1,402,0.0547,9.9211,0.10954
1000403,1,403,0.0545,9.9284,0.10955
1000404,1,404,0.0542,9.9357,0.10956
1000405,1,405,0.054,9.9429,0.10957
1000406,1,406,0.0537,9.9502,0.10958
1000407,1,407,0.0534,9.9575,0.10959
1000408,1,408,0.0532,9.9647,0.1096
1000409,1,409,0.0529,9.972,0.10961
1000410,1,410,0.0527,9.9792,0.10961
1000411,1,411,0.0524,9.9865,0.10962
1000412,1,412,0.0522,9.9937,0.10963
1000413,1,413,0.0519,10.0009,0.10964
1000414,1,414,0.0517,10.0082,0.10965
1000415,1,415,0.0514,10.0154,0.10966
1000416,1,416,0.0512,10.0226,0.10967
1000417,1,417,0.0509,10.0298,0.10968
1000418,1,418,0.0507,10.037,0.10969
1000419,1,419,0.0504,10.0442,0.1097
1000420,1,420,0.0502,10.0514,0.10971
1000421,1,421,0.0499,10.0586,0.10971
1000422,1,422,0.0497,10.0657,0.10972
1000423,1,423,0.0494,10.0729,0.10973
1000424,1,424,0.0492,10.0801,0.10974
1000425,1,425,0.0489,10.0872,0.10975
1000426,1,426,0.0487,10.0944,0.10976
1000427,1,427,0.0484,10.1015,0.10977
1000428,1,428,0.0482,10.1087,0.10978
1000429,1,429,0.0479,10.1158,0.10979
1000430,1,430,0.0477,10.123,0.1098
1000431,1,431,0.0475,10.1301,0.10981
1000432,1,432,0.0472,10.1372,0.10982
1000433,1,433,0.047,10.1443,0.10983
1000434,1,434,0.0467,10.1515,0.10984
1000435,1,435,0.0465,10.1586,0.10985
1000436,1,436,0.0462,10.1657,0.10986
1000437,1,437,0.046,10.1728,0.10987
1000438,1,438,0.0458,10.1799,0.10988
1000439,1,439,0.0455,10.187,0.10989
1000440,1,440,0.0453,10.1941,0.1099
1000441,1,441,0.045,10.2011,0.10991
1000442,1,442,0.0448,10.2082,0.10992
1000443,1,443,0.0445,10.2153,0.10993
1000444,1,444,0.0443,10.2224,0.10994
1000445,1,445,0.0441,10.2294,0.10995
1000446,1,446,0.0438,10.2365,0.10996
1000447,1,447,0.0436,10.2435,0.10997
1000448,1,448,0.0433,10.2506,0.10998
1000449,1,449,0.0431,10.2576,0.10999
1000450,1,450,0.0429,10.2647,0.11
1000451,1,451,0.0426,10.2717,0.11001
1000452,1,452,0.0424,10.2788,0.11002
1000453,1,453,0.0422,10.2858,0.11003
1000454,1,454,0.0419,10.2928,0.11005
1000455,1,455,0.0417,10.2998,0.11006
1000456,1,456,0.0414,10.3069,0.11007
1000457,1,457,0.0412,10.3139,0.11008
1000458,1,458,0.041,10.3209,0.11009
1000459,1,459,0.0407,10.3279,0.1101
1000460,1,460,0.0405,10.3349,0.11011
1000461,1,461,0.0403,10.3419,0.11012
1000462,1,462,0.04,10.3489,0.11013
1000463,1,463,0.0398,10.3559,0.11014
1000464,1,464,0.0396,10.3629,0.11015
1000465,1,465,0.0393,10.3699,0.11016
1000466,1,466,0.0391,10.3769,0.11017
1000467,1,467,0.0389,10.3839,0.11019
1000468,1,468,0.0386,10.3908,0.1102
1000469,1,469,0.0384,10.3978,0.11021
1000470,1,470,0.0382,10.4048,0.11022
1000471,1,471,0.0379,10.4118,0.11023
1000472,1,472,0.0377,10.4187,0.11024
1000473,1,473,0.0375,10.4257,0.11025
1000474,1,474,0.0373,10.4326,0.11026
1000475,1,475,0.037,10.4396,0.11027
1000476,1,476,0.0368,10.4465,0.11029
1000477,1,477,0.0366,10.4535,0.1103
1000478,1,478,0.0363,10.4604,0.11031
1000479,1,479,0.0361,10.4674,0.11032
1000480,1,480,0.0359,10.4743,0.11033
1000481,1,481,0.0357,10.4813,0.11034
1000482,1,482,0.0354,10.4882,0.11035
1000483,1,483,0.0352,10.4951,0.11037
1000484,1,484,0.035,10.502,0.11038
1000485,1,485,0.0347,10.509,0.11039
1000486,1,486,0.0345,10.5159,0.1104
1000487,1,487,0.0343,10.5228,0.11041
1000488,1,488,0.0341,10.5297,0.11042
1000489,1,489,0.0338,10.5366,0.11044
1000490,1,490,0.0336,10.5435,0.11045
1000491,1,491,0.0334,10.5505,0.11046
1000492,1,492,0.0332,10.5574,0.11047
1000493,1,493,0.0329,10.5643,0.11048
1000494,1,494,0.0327,10.5712,0.1105
1000495,1,495,0.0325,10.578,0.11051
1000496,1,496,0.0323,10.5849,0.11052
1000497,1,497,0.032,10.5918,0.11053
1000498,1,498,0.0318,10.5987,0.11054
1000499,1,499,0.0316,10.6056,0.11056
1000500,1,500,0.0314,10.6125,0.11057
1000501,1,501,0.0312,10.6193,0.11058
1000502,1,502,0.0309,10.6262,0.11059
1000503,1,503,0.0307,10.6331,0.1106
1000504,1,504,0.0305,10.6399,0.11062
1000505,1,505,0.0303,10.6468,0.11063
1000506,1,506,0.03,10.6537,0.11064
1000507,1,507,0.0298,10.6605,0.11065
1000508,1,508,0.0296,10.6674,0.11067
1000509,1,509,0.0294,10.6742,0.11068
1000510,1,510,0.0292,10.6811,0.11069
1000511,1,511,0.0289,10.6879,0.1107
1000512,1,512,0.0287,10.6948,0.11072
1000513,1,513,0.0285,10.7016,0.11073
1000514,1,514,0.0283,10.7084,0.11074
1000515,1,515,0.0281,10.7153,0.11075
1000516,1,516,0.0279,10.7221,0.11077
1000517,1,517,0.0276,10.7289,0.11078
1000518,1,518,0.0274,10.7357,0.11079
1000519,1,519,0.0272,10.7426,0.11081
1000520,1,520,0.027,10.7494,0.11082
1000521,1,521,0.0268,10.7562,0.11083
1000522,1,522,0.0266,10.763,0.11084
1000523,1,523,0.0263,10.7698,0.11086
1000524,1,524,0.0261,10.7766,0.11087
1000525,1,525,0.0259,10.7835,0.11088
1000526,1,526,0.0257,10.7903,0.1109
1000527,1,527,0.0255,10.7971,0.11091
1000528,1,528,0.0253,10.8039,0.11092
1000529,1,529,0.025,10.8107,0.11094
1000530,1,530,0.0248,10.8174,0.11095
1000531,1,531,0.0246,10.8242,0.11096
1000532,1,532,0.0244,10.831,0.11098
1000533,1,533,0.0242,10.8378,0.11099
1000534,1,534,0.024,10.8446,0.111
1000535,1,535,0.0238,10.8514,0.11102
1000536,1,536,0.0236,10.8582,0.11103
1000537,1,537,0.0233,10.8649,0.11104
1000538,1,538,0.0231,10.8717,0.11106
1000539,1,539,0.0229,10.8785,0.11107
1000540,1,540,0.0227,10.8852,0.11108
1000541,1,541,0.0225,10.892,0.1111
1000542,1,542,0.0223,10.8988,0.11111
1000543,1,543,0.0221,10.9055,0.11113
1000544,1,544,0.0219,10.9123,0.11114
1000545,1,545,0.0217,10.9191,0.11115
1000546,1,546,0.0214,10.9258,0.11117
1000547,1,547,0.0212,10.9326,0.11118
1000548,1,548,0.021,10.9393,0.1112
1000549,1,549,0.0208,10.9461,0.11121
1000550,1,550,0.0206,10.9528,0.11122
1000551,1,551,0.0204,10.9596,0.11124
1000552,1,552,0.0202,10.9663,0.11125
1000553,1,553,0.02,10.973,0.11127
1000554,1,554,0.0198,10.9798,0.11128
1000555,1,555,0.0196,10.9865,0.11129
1000556,1,556,0.0194,10.9932,0.11131
1000557,1,557,0.0192,11.0,0.11132
1000558,1,558,0.0189,11.0067,0.11134
1000559,1,559,0.0187,11.0134,0.11135
1000560,1,560,0.0185,11.0202,0.11137
1000561,1,561,0.0183,11.0269,0.11138
1000562,1,562,0.0181,11.0336,0.11139
1000563,1,563,0.0179,11.0403,0.11141
1000564,1,564,0.0177,11.047,0.11142
1000565,1,565,0.0175,11.0537,0.11144
1000566,1,566,0.0173,11.0605,0.11145
1000567,1,567,0.0171,11.0672,0.11147
1000568,1,568,0.0169,11.0739,0.11148
1000569,1,569,0.0167,11.0806,0.1115
1000570,1,570,0.0165,11.0873,0.11151
1000571,1,571,0.0163,11.094,0.11153
1000572,1,572,0.0161,11.1007,0.11154
1000573,1,573,0.0159,11.1074,0.11156
1000574,1,574,0.0157,11.1141,0.11157
1000575,1,575,0.0155,11.1208,0.11159
1000576,1,576,0.0153,11.1275,0.1116
1000577,1,577,0.0151,11.1342,0.11162
1000578,1,578,0.0149,11.1409,0.11163
1000579,1,579,0.0147,11.1476,0.11165
1000580,1,580,0.0144,11.1543,0.11166
1000581,1,581,0.0142,11.161,0.11168
1000582,1,582,0.014,11.1676,0.11169
1000583,1,583,0.0138,11.1743,0.11171
1000584,1,584,0.0136,11.181,0.11172
1000585,1,585,0.0134,11.1877,0.11174
1000586,1,586,0.0132,11.1944,0.11175
1000587,1,587,0.013,11.2011,0.11177
1000588,1,588,0.0128,11.2077,0.11178
1000589,1,589,0.0126,11.2144,0.1118
1000590,1,590,0.0124,11.2211,0.11182
1000591,1,591,0.0122,11.2278,0.11183
1000592,1,592,0.012,11.2345,0.11185
1000593,1,593,0.0118,11.2411,0.11186
1000594,1,594,0.0116,11.2478,0.11188
1000595,1,595,0.0114,11.2545,0.11189
1000596,1,596,0.0112,11.2612,0.11191
1000597,1,597,0.0111,11.2678,0.11192
1000598,1,598,0.0109,11.2745,0.11194
1000599,1,599,0.0107,11.2812,0.11196
1000600,1,600,0.0105,11.2878,0.11197
1000601,1,601,0.0103,11.2945,0.11199
1000602,1,602,0.0101,11.3012,0.112
1000603,1,603,0.0099,11.3078,0.11202
1000604,1,604,0.0097,11.3145,0.11204
1000605,1,605,0.0095,11.3212,0.11205
1000606,1,606,0.0093,11.3278,0.11207
1000607,1,607,0.0091,11.3345,0.11208
1000608,1,608,0.0089,11.3412,0.1121
1000609,1,609,0.0087,11.3478,0.11212
1000610,1,610,0.0085,11.3545,0.11213
1000611,1,611,0.0083,11.3612,0.11215
1000612,1,612,0.0081,11.3678,0.11216
1000613,1,613,0.0079,11.3745,0.11218
1000614,1,614,0.0077,11.3811,0.1122
1000615,1,615,0.0075,11.3878,0.11221
1000616,1,616,0.0073,11.3945,0.11223
1000617,1,617,0.0071,11.4011,0.11224
1000618,1,618,0.0069,11.4078,0.11226
1000619,1,619,0.0067,11.4144,0.11228
1000620,1,620,0.0066,11.4211,0.11229
1000621,1,621,0.0064,11.4277,0.11231
1000622,1,622,0.0062,11.4344,0.11233
1000623,1,623,0.006,11.441,0.11234
1000624,1,624,0.0058,11.4477,0.11236
1000625,1,625,0.0056,11.4543,0.11238
1000626,1,626,0.0054,11.461,0.11239
1000627,1,627,0.0052,11.4676,0.11241
1000628,1,628,0.005,11.4743,0.11243
1000629,1,629,0.0048,11.4809,0.11244
1000630,1,630,0.0046,11.4876,0.11246
1000631,1,631,0.0044,11.4942,0.11248
1000632,1,632,0.0043,11.5009,0.11249
1000633,1,633,0.0041,11.5075,0.11251
1000634,1,634,0.0039,11.5142,0.11253
1000635,1,635,0.0037,11.5208,0.11254
1000636,1,636,0.0035,11.5274,0.11256
1000637,1,637,0.0033,11.5341,0.11258
1000638,1,638,0.0031,11.5407,0.11259
1000639,1,639,0.0029,11.5474,0.11261
1000640,1,640,0.0027,11.554,0.11263
1000641,1,641,0.0025,11.5606,0.11265
1000642,1,642,0.0024,11.5673,0.11266
1000643,1,643,0.0022,11.5739,0.11268
1000644,1,644,0.002,11.5806,0.1127
1000645,1,645,0.0018,11.5872,0.11271
1000646,1,646,0.0016,11.5938,0.11273
1000647,1,647,0.0014,11.6005,0.11275
1000648,1,648,0.0012,11.6071,0.11276
1000649,1,649,0.001,11.6137,0.11278
1000650,1,650,0.0008,11.6204,0.1128
1000651,1,651,0.0007,11.627,0.11282
1000652,1,652,0.0005,11.6336,0.11283
1000653,1,653,0.0003,11.6403,0.11285
1000654,1,654,0.0001,11.6469,0.11287
1000655,1,655,-0.0001,11.6535,0.11289
1000656,1,656,-0.0003,11.6601,0.1129
1000657,1,657,-0.0005,11.6668,0.11292
1000658,1,658,-0.0006,11.6734,0.11294
1000659,1,659,-0.0008,11.68,0.11296
1000660,1,660,-0.001,11.6866,0.11297
1000661,1,661,-0.0012,11.6933,0.11299
1000662,1,662,-0.0014,11.6999,0.11301
1000663,1,663,-0.0016,11.7065,0.11303
1000664,1,664,-0.0018,11.7131,0.11304
1000665,1,665,-0.0019,11.7198,0.11306
1000666,1,666,-0.0021,11.7264,0.11308
1000667,1,667,-0.0023,11.733,0.1131
1000668,1,668,-0.0025,11.7396,0.11311
1000669,1,669,-0.0027,11.7462,0.11313
1000670,1,670,-0.0029,11.7528,0.11315
1000671,1,671,-0.003,11.7595,0.11317
1000672,1,672,-0.0032,11.7661,0.11318
1000673,1,673,-0.0034,11.7727,0.1132
1000674,1,674,-0.0036,11.7793,0.11322
1000675,1,675,-0.0038,11.7859,0.11324
1000676,1,676,-0.004,11.7925,0.11326
1000677,1,677,-0.0041,11.7991,0.11327
1000678,1,678,-0.0043,11.8057,0.11329
1000679,1,679,-0.0045,11.8124,0.11331
1000680,1,680,-0.0047,11.819,0.11333
1000681,1,681,-0.0049,11.8256,0.11335
1000682,1,682,-0.0051,11.8322,0.11336
1000683,1,683,-0.0052,11.8388,0.11338
1000684,1,684,-0.0054,11.8454,0.1134
1000685,1,685,-0.0056,11.852,0.11342
1000686,1,686,-0.0058,11.8586,0.11344
1000687,1,687,-0.006,11.8652,0.11345
1000688,1,688,-0.0061,11.8718,0.11347
1000689,1,689,-0.0063,11.8784,0.11349
1000690,1,690,-0.0065,11.885,0.11351
1000691,1,691,-0.0067,11.8916,0.11353
1000692,1,692,-0.0069,11.8982,0.11354
1000693,1,693,-0.007,11.9048,0.11356
1000694,1,694,-0.0072,11.9114,0.11358
1000695,1,695,-0.0074,11.918,0.1136
1000696,1,696,-0.0076,11.9246,0.11362
1000697,1,697,-0.0078,11.9312,0.11364
1000698,1,698,-0.0079,11.9378,0.11365
1000699,1,699,-0.0081,11.9444,0.11367
1000700,1,700,-0.0083,11.951,0.11369
1000701,1,701,-0.0085,11.9576,0.11371
1000702,1,702,-0.0087,11.9642,0.11373
1000703,1,703,-0.0088,11.9707,0.11375
1000704,1,704,-0.009,11.9773,0.11376
1000705,1,705,-0.0092,11.9839,0.11378
1000706,1,706,-0.0094,11.9905,0.1138
1000707,1,707,-0.0095,11.9971,0.11382
1000708,1,708,-0.0097,12.0037,0.11384
1000709,1,709,-0.0099,12.0103,0.11386
1000710,1,710,-0.0101,12.0168,0.11388
1000711,1,711,-0.0102,12.0234,0.11389
1000712,1,712,-0.0104,12.03,0.11391
1000713,1,713,-0.0106,12.0366,0.11393
1000714,1,714,-0.0108,12.0431,0.11395
1000715,1,715,-0.011,12.0497,0.11397
1000716,1,716,-0.0111,12.0563,0.11399
1000717,1,717,-0.0113,12.0629,0.11401
1000718,1,718,-0.0115,12.0694,0.11403
1000719,1,719,-0.0117,12.076,0.11404
1000720,1,720,-0.0118,12.0826,0.11406
1000721,1,721,-0.012,12.0891,0.11408
1000722,1,722,-0.0122,12.0957,0.1141
1000723,1,723,-0.0124,12.1023,0.11412
1000724,1,724,-0.0125,12.1088,0.11414
1000725,1,725,-0.0127,12.1154,0.11416
1000726,1,726,-0.0129,12.122,0.11418
1000727,1,727,-0.0131,12.1285,0.1142
1000728,1,728,-0.0132,12.1351,0.11421
1000729,1,729,-0.0134,12.1416,0.11423
1000730,1,730,-0.0136,12.1482,0.11425
1000731,1,731,-0.0137,12.1548,0.11427
1000732,1,732,-0.0139,12.1613,0.11429
1000733,1,733,-0.0141,12.1679,0.11431
1000734,1,734,-0.0143,12.1744,0.11433
1000735,1,735,-0.0144,12.181,0.11435
1000736,1,736,-0.0146,12.1875,0.11437
1000737,1,737,-0.0148,12.1941,0.11439
1000738,1,738,-0.015,12.2006,0.1144
1000739,1,739,-0.0151,12.2072,0.11442
1000740,1,740,-0.0153,12.2137,0.11444
1000741,1,741,-0.0155,12.2202,0.11446
1000742,1,742,-0.0156,12.2268,0.11448
1000743,1,743,-0.0158,12.2333,0.1145
1000744,1,744,-0.016,12.2398,0.11452
1000745,1,745,-0.0162,12.2464,0.11454
1000746,1,746,-0.0163,12.2529,0.11456
1000747,1,747,-0.0165,12.2594,0.11458
1000748,1,748,-0.0167,12.266,0.1146
1000749,1,749,-0.0168,12.2725,0.11462
1000750,1,750,-0.017,12.279,0.11464
1000751,1,751,-0.0172,12.2855,0.11465
1000752,1,752,-0.0174,12.292,0.11467
1000753,1,753,-0.0175,12.2986,0.11469
1000754,1,754,-0.0177,12.3051,0.11471
1000755,1,755,-0.0179,12.3116,0.11473
1000756,1,756,-0.018,12.3181,0.11475
1000757,1,757,-0.0182,12.3246,0.11477
1000758,1,758,-0.0184,12.3311,0.11479
1000759,1,759,-0.0185,12.3376,0.11481
1000760,1,760,-0.0187,12.3441,0.11483
1000761,1,761,-0.0189,12.3506,0.11485
1000762,1,762,-0.0191,12.3571,0.11487
1000763,1,763,-0.0192,12.3636,0.11489
1000764,1,764,-0.0194,12.3701,0.11491
1000765,1,765,-0.0196,12.3766,0.11493
1000766,1,766,-0.0197,12.383,0.11495
1000767,1,767,-0.0199,12.3895,0.11497
1000768,1,768,-0.0201,12.396,0.11498
1000769,1,769,-0.0202,12.4025,0.115
1000770,1,770,-0.0204,12.409,0.11502
1000771,1,771,-0.0206,12.4154,0.11504
1000772,1,772,-0.0207,12.4219,0.11506
1000773,1,773,-0.0209,12.4284,0.11508
1000774,1,774,-0.0211,12.4348,0.1151
1000775,1,775,-0.0212,12.4413,0.11512
1000776,1,776,-0.0214,12.4477,0.11514
1000777,1,777,-0.0216,12.4542,0.11516
1000778,1,778,-0.0217,12.4606,0.11518
1000779,1,779,-0.0219,12.4671,0.1152
1000780,1,780,-0.0221,12.4735,0.11522
1000781,1,781,-0.0222,12.48,0.11524
1000782,1,782,-0.0224,12.4864,0.11526
1000783,1,783,-0.0226,12.4929,0.11528
1000784,1,784,-0.0227,12.4993,0.1153
1000785,1,785,-0.0229,12.5057,0.11532
1000786,1,786,-0.0231,12.5121,0.11534
1000787,1,787,-0.0232,12.5186,0.11536
1000788,1,788,-0.0234,12.525,0.11538
1000789,1,789,-0.0236,12.5314,0.1154
1000790,1,790,-0.0237,12.5378,0.11542
1000791,1,791,-0.0239,12.5442,0.11544
1000792,1,792,-0.0241,12.5506,0.11545
1000793,1,793,-0.0242,12.557,0.11547
1000794,1,794,-0.0244,12.5634,0.11549
1000795,1,795,-0.0246,12.5698,0.11551
1000796,1,796,-0.0247,12.5762,0.11553
1000797,1,797,-0.0249,12.5826,0.11555
1000798,1,798,-0.025,12.589,0.11557
1000799,1,799,-0.0252,12.5954,0.11559
1000800,1,800,-0.0254,12.6018,0.11561
1000801,1,801,-0.0255,12.6082,0.11563
1000802,1,802,-0.0257,12.6145,0.11565
1000803,1,803,-0.0259,12.6209,0.11567
1000804,1,804,-0.026,12.6273,0.11569
1000805,1,805,-0.0262,12.6336,0.11571
1000806,1,806,-0.0264,12.64,0.11573
1000807,1,807,-0.0265,12.6464,0.11575
1000808,1,808,-0.0267,12.6527,0.11577
1000809,1,809,-0.0268,12.6591,0.11579
1000810,1,810,-0.027,12.6654,0.11581
1000811,1,811,-0.0272,12.6718,0.11583
1000812,1,812,-0.0273,12.6781,0.11585
1000813,1,813,-0.0275,12.6844,0.11587
1000814,1,814,-0.0277,12.6908,0.11589
1000815,1,815,-0.0278,12.6971,0.11591
1000816,1,816,-0.028,12.7034,0.11593
1000817,1,817,-0.0281,12.7098,0.11595
1000818,1,818,-0.0283,12.7161,0.11597
1000819,1,819,-0.0285,12.7224,0.11599
1000820,1,820,-0.0286,12.7287,0.11601
1000821,1,821,-0.0288,12.735,0.11602
1000822,1,822,-0.0289,12.7413,0.11604
1000823,1,823,-0.0291,12.7476,0.11606
1000824,1,824,-0.0293,12.7539,0.11608
1000825,1,825,-0.0294,12.7602,0.1161
1000826,1,826,-0.0296,12.7665,0.11612
1000827,1,827,-0.0297,12.7728,0.11614
1000828,1,828,-0.0299,12.7791,0.11616
1000829,1,829,-0.0301,12.7854,0.11618
1000830,1,830,-0.0302,12.7916,0.1162
1000831,1,831,-0.0304,12.7979,0.11622
1000832,1,832,-0.0305,12.8042,0.11624
1000833,1,833,-0.0307,12.8104,0.11626
1000834,1,834,-0.0309,12.8167,0.11628
1000835,1,835,-0.031,12.823,0.1163
1000836,1,836,-0.0312,12.8292,0.11632
1000837,1,837,-0.0313,12.8355,0.11634
1000838,1,838,-0.0315,12.8417,0.11636
1000839,1,839,-0.0317,12.848,0.11638
1000840,1,840,-0.0318,12.8542,0.1164
1000841,1,841,-0.032,12.8604,0.11642
1000842,1,842,-0.0321,12.8667,0.11644
1000843,1,843,-0.0323,12.8729,0.11646
1000844,1,844,-0.0324,12.8791,0.11647
1000845,1,845,-0.0326,12.8853,0.11649
1000846,1,846,-0.0328,12.8915,0.11651
1000847,1,847,-0.0329,12.8978,0.11653
1000848,1,848,-0.0331,12.904,0.11655
1000849,1,849,-0.0332,12.9102,0.11657
1000850,1,850,-0.0334,12.9164,0.11659
1000851,1,851,-0.0336,12.9226,0.11661
1000852,1,852,-0.0337,12.9288,0.11663
1000853,1,853,-0.0339,12.935,0.11665
1000854,1,854,-0.034,12.9411,0.11667
1000855,1,855,-0.0342,12.9473,0.11669
1000856,1,856,-0.0343,12.9535,0.11671
1000857,1,857,-0.0345,12.9597,0.11673
1000858,1,858,-0.0346,12.9658,0.11675
1000859,1,859,-0.0348,12.972,0.11677
1000860,1,860,-0.035,12.9782,0.11679
1000861,1,861,-0.0351,12.9843,0.11681
1000862,1,862,-0.0353,12.9905,0.11683
1000863,1,863,-0.0354,12.9966,0.11684
1000864,1,864,-0.0356,13.0028,0.11686
1000865,1,865,-0.0357,13.0089,0.11688
1000866,1,866,-0.0359,13.0151,0.1169
1000867,1,867,-0.0361,13.0212,0.11692
1000868,1,868,-0.0362,13.0273,0.11694
1000869,1,869,-0.0364,13.0334,0.11696
1000870,1,870,-0.0365,13.0396,0.11698
1000871,1,871,-0.0367,13.0457,0.117
1000872,1,872,-0.0368,13.0518,0.11702
1000873,1,873,-0.037,13.0579,0.11704
1000874,1,874,-0.0371,13.064,0.11706
1000875,1,875,-0.0373,13.0701,0.11708
1000876,1,876,-0.0374,13.0762,0.1171
1000877,1,877,-0.0376,13.0823,0.11712
1000878,1,878,-0.0378,13.0884,0.11713
1000879,1,879,-0.0379,13.0945,0.11715
1000880,1,880,-0.0381,13.1006,0.11717
1000881,1,881,-0.0382,13.1067,0.11719
1000882,1,882,-0.0384,13.1127,0.11721
1000883,1,883,-0.0385,13.1188,0.11723
1000884,1,884,-0.0387,13.1249,0.11725
1000885,1,885,-0.0388,13.131,0.11727
1000886,1,886,-0.039,13.137,0.11729
1000887,1,887,-0.0391,13.1431,0.11731
1000888,1,888,-0.0393,13.1491,0.11733
1000889,1,889,-0.0394,13.1552,0.11735
1000890,1,890,-0.0396,13.1612,0.11737
1000891,1,891,-0.0397,13.1673,0.11739
1000892,1,892,-0.0399,13.1733,0.1174
1000893,1,893,-0.0401,13.1793,0.11742
1000894,1,894,-0.0402,13.1854,0.11744
1000895,1,895,-0.0404,13.1914,0.11746
1000896,1,896,-0.0405,13.1974,0.11748
1000897,1,897,-0.0407,13.2034,0.1175
1000898,1,898,-0.0408,13.2095,0.11752
1000899,1,899,-0.041,13.2155,0.11754
1000900,1,900,-0.0411,13.2215,0.11756
1000901,1,901,-0.0413,13.2275,0.11758
1000902,1,902,-0.0414,13.2335,0.1176
1000903,1,903,-0.0416,13.2395,0.11762
1000904,1,904,-0.0417,13.2455,0.11763
1000905,1,905,-0.0419,13.2515,0.11765
1000906,1,906,-0.042,13.2575,0.11767
1000907,1,907,-0.0422,13.2634,0.11769
1000908,1,908,-0.0423,13.2694,0.11771
1000909,1,909,-0.0425,13.2754,0.11773
1000910,1,910,-0.0426,13.2814,0.11775
1000911,1,911,-0.0428,13.2873,0.11777
1000912,1,912,-0.0429,13.2933,0.11779
1000913,1,913,-0.0431,13.2993,0.11781
1000914,1,914,-0.0432,13.3052,0.11783
1000915,1,915,-0.0434,13.3112,0.11785
1000916,1,916,-0.0435,13.3171,0.11786
1000917,1,917,-0.0437,13.3231,0.11788
1000918,1,918,-0.0438,13.329,0.1179
1000919,1,919,-0.044,13.335,0.11792
1000920,1,920,-0.0441,13.3409,0.11794
1000921,1,921,-0.0443,13.3468,0.11796
1000922,1,922,-0.0444,13.3528,0.11798
1000923,1,923,-0.0446,13.3587,0.118
1000924,1,924,-0.0447,13.3646,0.11802
1000925,1,925,-0.0449,13.3705,0.11804
1000926,1,926,-0.045,13.3765,0.11805
1000927,1,927,-0.0452,13.3824,0.11807
1000928,1,928,-0.0453,13.3883,0.11809
1000929,1,929,-0.0455,13.3942,0.11811
1000930,1,930,-0.0456,13.4001,0.11813
1000931,1,931,-0.0458,13.406,0.11815
1000932,1,932,-0.0459,13.4119,0.11817
1000933,1,933,-0.0461,13.4178,0.11819
1000934,1,934,-0.0462,13.4237,0.11821
1000935,1,935,-0.0464,13.4296,0.11823
1000936,1,936,-0.0465,13.4354,0.11825
1000937,1,937,-0.0466,13.4413,0.11826
1000938,1,938,-0.0468,13.4472,0.11828
1000939,1,939,-0.0469,13.4531,0.1183
1000940,1,940,-0.0471,13.4589,0.11832
1000941,1,941,-0.0472,13.4648,0.11834
1000942,1,942,-0.0474,13.4707,0.11836
1000943,1,943,-0.0475,13.4765,0.11838
1000944,1,944,-0.0477,13.4824,0.1184
1000945,1,945,-0.0478,13.4883,0.11842
1000946,1,946,-0.048,13.4941,0.11843
1000947,1,947,-0.0481,13.5,0.11845
1000948,1,948,-0.0483,13.5058,0.11847
1000949,1,949,-0.0484,13.5116,0.11849
1000950,1,950,-0.0486,13.5175,0.11851
1000951,1,951,-0.0487,13.5233,0.11853
1000952,1,952,-0.0489,13.5291,0.11855
1000953,1,953,-0.049,13.535,0.11857
1000954,1,954,-0.0491,13.5408,0.11859
1000955,1,955,-0.0493,13.5466,0.1186
1000956,1,956,-0.0494,13.5524,0.11862
1000957,1,957,-0.0496,13.5583,0.11864
1000958,1,958,-0.0497,13.5641,0.11866
1000959,1,959,-0.0499,13.5699,0.11868
1000960,1,960,-0.05,13.5757,0.1187
1000961,1,961,-0.0502,13.5815,0.11872
1000962,1,962,-0.0503,13.5873,0.11874
1000963,1,963,-0.0505,13.5931,0.11876
1000964,1,964,-0.0506,13.5989,0.11877
1000965,1,965,-0.0507,13.6047,0.11879
1000966,1,966,-0.0509,13.6105,0.11881
1000967,1,967,-0.051,13.6163,0.11883
1000968,1,968,-0.0512,13.622,0.11885
1000969,1,969,-0.0513,13.6278,0.11887
1000970,1,970,-0.0515,13.6336,0.11889
1000971,1,971,-0.0516,13.6394,0.11891
1000972,1,972,-0.0518,13.6452,0.11892
1000973,1,973,-0.0519,13.6509,0.11894
1000974,1,974,-0.052,13.6567,0.11896
1000975,1,975,-0.0522,13.6625,0.11898
1000976,1,976,-0.0523,13.6682,0.119
1000977,1,977,-0.0525,13.674,0.11902
1000978,1,978,-0.0526,13.6797,0.11904
1000979,1,979,-0.0528,13.6855,0.11906
1000980,1,980,-0.0529,13.6912,0.11907
1000981,1,981,-0.053,13.697,0.11909
1000982,1,982,-0.0532,13.7027,0.11911
1000983,1,983,-0.0533,13.7085,0.11913
1000984,1,984,-0.0535,13.7142,0.11915
1000985,1,985,-0.0536,13.7199,0.11917
1000986,1,986,-0.0538,13.7257,0.11919
1000987,1,987,-0.0539,13.7314,0.1192
1000988,1,988,-0.054,13.7371,0.11922
1000989,1,989,-0.0542,13.7429,0.11924
1000990,1,990,-0.0543,13.7486,0.11926
1000991,1,991,-0.0545,13.7543,0.11928
1000992,1,992,-0.0546,13.76,0.1193
1000993,1,993,-0.0548,13.7657,0.11932
1000994,1,994,-0.0549,13.7715,0.11933
1000995,1,995,-0.055,13.7772,0.11935
1000996,1,996,-0.0552,13.7829,0.11937
1000997,1,997,-0.0553,13.7886,0.11939
1000998,1,998,-0.0555,13.7943,0.11941
1000999,1,999,-0.0556,13.8,0.11943
1001000,1,1000,-0.0558,13.8057,0.11945
1001001,1,1001,-0.0559,13.8114,0.11946
1001002,1,1002,-0.056,13.8171,0.11948
1001003,1,1003,-0.0562,13.8228,0.1195
1001004,1,1004,-0.0563,13.8285,0.11952
1001005,1,1005,-0.0565,13.8341,0.11954
1001006,1,1006,-0.0566,13.8398,0.11956
1001007,1,1007,-0.0567,13.8455,0.11957
1001008,1,1008,-0.0569,13.8512,0.11959
1001009,1,1009,-0.057,13.8569,0.11961
1001010,1,1010,-0.0572,13.8625,0.11963
1001011,1,1011,-0.0573,13.8682,0.11965
1001012,1,1012,-0.0574,13.8739,0.11967
1001013,1,1013,-0.0576,13.8796,0.11968
1001014,1,1014,-0.0577,13.8852,0.1197
1001015,1,1015,-0.0579,13.8909,0.11972
1001016,1,1016,-0.058,13.8966,0.11974
1001017,1,1017,-0.0581,13.9022,0.11976
1001018,1,1018,-0.0583,13.9079,0.11978
1001019,1,1019,-0.0584,13.9135,0.11979
1001020,1,1020,-0.0586,13.9192,0.11981
1001021,1,1021,-0.0587,13.9248,0.11983
1001022,1,1022,-0.0588,13.9305,0.11985
1001023,1,1023,-0.059,13.9361,0.11987
1001024,1,1024,-0.0591,13.9418,0.11988
1001025,1,1025,-0.0593,13.9474,0.1199
1001026,1,1026,-0.0594,13.9531,0.11992
1001027,1,1027,-0.0595,13.9587,0.11994
1001028,1,1028,-0.0597,13.9644,0.11996
1001029,1,1029,-0.0598,13.97,0.11998
1001030,1,1030,-0.06,13.9756,0.11999
1001031,1,1031,-0.0601,13.9813,0.12001
1001032,1,1032,-0.0602,13.9869,0.12003
1001033,1,1033,-0.0604,13.9925,0.12005
1001034,1,1034,-0.0605,13.9982,0.12007
1001035,1,1035,-0.0607,14.0038,0.12008
1001036,1,1036,-0.0608,14.0094,0.1201
1001037,1,1037,-0.0609,14.015,0.12012
1001038,1,1038,-0.0611,14.0207,0.12014
1001039,1,1039,-0.0612,14.0263,0.12016
1001040,1,1040,-0.0613,14.0319,0.12017
1001041,1,1041,-0.0615,14.0375,0.12019
1001042,1,1042,-0.0616,14.0431,0.12021
1001043,1,1043,-0.0618,14.0488,0.12023
1001044,1,1044,-0.0619,14.0544,0.12025
1001045,1,1045,-0.062,14.06,0.12026
1001046,1,1046,-0.0622,14.0656,0.12028
1001047,1,1047,-0.0623,14.0712,0.1203
1001048,1,1048,-0.0624,14.0768,0.12032
1001049,1,1049,-0.0626,14.0824,0.12033
1001050,1,1050,-0.0627,14.088,0.12035
1001051,1,1051,-0.0629,14.0936,0.12037
1001052,1,1052,-0.063,14.0992,0.12039
1001053,1,1053,-0.0631,14.1048,0.12041
1001054,1,1054,-0.0633,14.1104,0.12042
1001055,1,1055,-0.0634,14.116,0.12044
1001056,1,1056,-0.0635,14.1216,0.12046
1001057,1,1057,-0.0637,14.1272,0.12048
1001058,1,1058,-0.0638,14.1328,0.1205
1001059,1,1059,-0.0639,14.1384,0.12051
1001060,1,1060,-0.0641,14.144,0.12053
1001061,1,1061,-0.0642,14.1495,0.12055
1001062,1,1062,-0.0644,14.1551,0.12057
1001063,1,1063,-0.0645,14.1607,0.12058
1001064,1,1064,-0.0646,14.1663,0.1206
1001065,1,1065,-0.0648,14.1719,0.12062
1001066,1,1066,-0.0649,14.1775,0.12064
1001067,1,1067,-0.065,14.183,0.12065
1001068,1,1068,-0.0652,14.1886,0.12067
1001069,1,1069,-0.0653,14.1942,0.12069
1001070,1,1070,-0.0654,14.1998,0.12071
1001071,1,1071,-0.0656,14.2053,0.12073
1001072,1,1072,-0.0657,14.2109,0.12074
1001073,1,1073,-0.0658,14.2165,0.12076
1001074,1,1074,-0.066,14.2221,0.12078
1001075,1,1075,-0.0661,14.2276,0.1208
1001076,1,1076,-0.0663,14.2332,0.12081
1001077,1,1077,-0.0664,14.2388,0.12083
1001078,1,1078,-0.0665,14.2443,0.12085
1001079,1,1079,-0.0667,14.2499,0.12087
1001080,1,1080,-0.0668,14.2554,0.12088
1001081,1,1081,-0.0669,14.261,0.1209
1001082,1,1082,-0.0671,14.2666,0.12092
1001083,1,1083,-0.0672,14.2721,0.12094
1001084,1,1084,-0.0673,14.2777,0.12095
1001085,1,1085,-0.0675,14.2832,0.12097
1001086,1,1086,-0.0676,14.2888,0.12099
1001087,1,1087,-0.0677,14.2944,0.12101
1001088,1,1088,-0.0679,14.2999,0.12102
1001089,1,1089,-0.068,14.3055,0.12104
1001090,1,1090,-0.0681,14.311,0.12106
1001091,1,1091,-0.0683,14.3166,0.12108
1001092,1,1092,-0.0684,14.3221,0.12109
1001093,1,1093,-0.0685,14.3277,0.12111
1001094,1,1094,-0.0687,14.3332,0.12113
1001095,1,1095,-0.0688,14.3387,0.12115
1001096,1,1096,-0.0689,14.3443,0.12116
1001097,1,1097,-0.0691,14.3498,0.12118
1001098,1,1098,-0.0692,14.3554,0.1212
1001099,1,1099,-0.0693,14.3609,0.12121
1001100,1,1100,-0.0695,14.3665,0.12123
1001101,1,1101,-0.0696,14.372,0.12125
1001102,1,1102,-0.0697,14.3775,0.12127
1001103,1,1103,-0.0699,14.3831,0.12128
1001104,1,1104,-0.07,14.3886,0.1213
1001105,1,1105,-0.0701,14.3942,0.12132
1001106,1,1106,-0.0703,14.3997,0.12134
1001107,1,1107,-0.0704,14.4052,0.12135
1001108,1,1108,-0.0705,14.4108,0.12137
1001109,1,1109,-0.0707,14.4163,0.12139
1001110,1,1110,-0.0708,14.4218,0.12141
1001111,1,1111,-0.0709,14.4274,0.12142
1001112,1,1112,-0.0711,14.4329,0.12144
1001113,1,1113,-0.0712,14.4384,0.12146
1001114,1,1114,-0.0713,14.4439,0.12147
1001115,1,1115,-0.0715,14.4495,0.12149
1001116,1,1116,-0.0716,14.455,0.12151
1001117,1,1117,-0.0717,14.4605,0.12153
1001118,1,1118,-0.0718,14.4661,0.12154
1001119,1,1119,-0.072,14.4716,0.12156
1001120,1,1120,-0.0721,14.4771,0.12158
1001121,1,1121,-0.0722,14.4826,0.12159
1001122,1,1122,-0.0724,14.4881,0.12161
1001123,1,1123,-0.0725,14.4937,0.12163
1001124,1,1124,-0.0726,14.4992,0.12165
1001125,1,1125,-0.0728,14.5047,0.12166
1001126,1,1126,-0.0729,14.5102,0.12168
1001127,1,1127,-0.073,14.5158,0.1217
1001128,1,1128,-0.0732,14.5213,0.12171
1001129,1,1129,-0.0733,14.5268,0.12173
1001130,1,1130,-0.0734,14.5323,0.12175
1001131,1,1131,-0.0736,14.5378,0.12177
1001132,1,1132,-0.0737,14.5433,0.12178
1001133,1,1133,-0.0738,14.5489,0.1218
1001134,1,1134,-0.0739,14.5544,0.12182
1001135,1,1135,-0.0741,14.5599,0.12183
1001136,1,1136,-0.0742,14.5654,0.12185
1001137,1,1137,-0.0743,14.5709,0.12187
1001138,1,1138,-0.0745,14.5764,0.12189
1001139,1,1139,-0.0746,14.5819,0.1219
1001140,1,1140,-0.0747,14.5875,0.12192
1001141,1,1141,-0.0749,14.593,0.12194
1001142,1,1142,-0.075,14.5985,0.12195
1001143,1,1143,-0.0751,14.604,0.12197
1001144,1,1144,-0.0752,14.6095,0.12199
1001145,1,1145,-0.0754,14.615,0.122
1001146,1,1146,-0.0755,14.6205,0.12202
1001147,1,1147,-0.0756,14.626,0.12204
1001148,1,1148,-0.0758,14.6315,0.12206
1001149,1,1149,-0.0759,14.6371,0.12207
1001150,1,1150,-0.076,14.6426,0.12209
1001151,1,1151,-0.0762,14.6481,0.12211
1001152,1,1152,-0.0763,14.6536,0.12212
1001153,1,1153,-0.0764,14.6591,0.12214
1001154,1,1154,-0.0765,14.6646,0.12216
1001155,1,1155,-0.0767,14.6701,0.12217
1001156,1,1156,-0.0768,14.6756,0.12219
1001157,1,1157,-0.0769,14.6811,0.12221
1001158,1,1158,-0.0771,14.6866,0.12222
1001159,1,1159,-0.0772,14.6921,0.12224
1001160,1,1160,-0.0773,14.6976,0.12226
1001161,1,1161,-0.0774,14.7032,0.12228
1001162,1,1162,-0.0776,14.7087,0.12229
1001163,1,1163,-0.0777,14.7142,0.12231
1001164,1,1164,-0.0778,14.7197,0.12233
1001165,1,1165,-0.078,14.7252,0.12234
1001166,1,1166,-0.0781,14.7307,0.12236
1001167,1,1167,-0.0782,14.7362,0.12238
1001168,1,1168,-0.0783,14.7417,0.12239
1001169,1,1169,-0.0785,14.7472,0.12241
1001170,1,1170,-0.0786,14.7527,0.12243
1001171,1,1171,-0.0787,14.7582,0.12244
1001172,1,1172,-0.0788,14.7637,0.12246
1001173,1,1173,-0.079,14.7692,0.12248
1001174,1,1174,-0.0791,14.7747,0.12249
1001175,1,1175,-0.0792,14.7802,0.12251
1001176,1,1176,-0.0794,14.7857,0.12253
1001177,1,1177,-0.0795,14.7912,0.12254
1001178,1,1178,-0.0796,14.7967,0.12256
1001179,1,1179,-0.0797,14.8022,0.12258
1001180,1,1180,-0.0799,14.8077,0.12259
1001181,1,1181,-0.08,14.8132,0.12261
1001182,1,1182,-0.0801,14.8187,0.12263
1001183,1,1183,-0.0802,14.8242,0.12265
1001184,1,1184,-0.0804,14.8297,0.12266
1001185,1,1185,-0.0805,14.8352,0.12268
1001186,1,1186,-0.0806,14.8407,0.1227
1001187,1,1187,-0.0808,14.8462,0.12271
1001188,1,1188,-0.0809,14.8517,0.12273
1001189,1,1189,-0.081,14.8572,0.12275
1001190,1,1190,-0.0811,14.8627,0.12276
1001191,1,1191,-0.0813,14.8682,0.12278
1001192,1,1192,-0.0814,14.8737,0.1228
1001193,1,1193,-0.0815,14.8792,0.12281
1001194,1,1194,-0.0816,14.8847,0.12283
1001195,1,1195,-0.0818,14.8902,0.12285
1001196,1,1196,-0.0819,14.8957,0.12286
1001197,1,1197,-0.082,14.9012,0.12288
1001198,1,1198,-0.0821,14.9067,0.1229
1001199,1,1199,-0.0823,14.9122,0.12291
1001200,1,1200,-0.0824,14.9177,0.12293
1001201,1,1201,-0.0825,14.9232,0.12295
1001202,1,1202,-0.0826,14.9287,0.12296
1001203,1,1203,-0.0828,14.9342,0.12298
1001204,1,1204,-0.0829,14.9397,0.123
1001205,1,1205,-0.083,14.9452,0.12301
1001206,1,1206,-0.0831,14.9507,0.12303
1001207,1,1207,-0.0833,14.9562,0.12305
1001208,1,1208,-0.0834,14.9617,0.12306
1001209,1,1209,-0.0835,14.9672,0.12308
1001210,1,1210,-0.0836,14.9727,0.1231
1001211,1,1211,-0.0838,14.9782,0.12311
1001212,1,1212,-0.0839,14.9837,0.12313
1001213,1,1213,-0.084,14.9892,0.12315
1001214,1,1214,-0.0841,14.9947,0.12316
1001215,1,1215,-0.0843,15.0002,0.12318
1001216,1,1216,-0.0844,15.0057,0.1232
1001217,1,1217,-0.0845,15.0112,0.12321
1001218,1,1218,-0.0846,15.0167,0.12323
1001219,1,1219,-0.0848,15.0222,0.12325
1001220,1,1220,-0.0849,15.0277,0.12326
1001221,1,1221,-0.085,15.0332,0.12328
1001222,1,1222,-0.0851,15.0387,0.1233
1001223,1,1223,-0.0853,15.0442,0.12331
1001224,1,1224,-0.0854,15.0497,0.12333
1001225,1,1225,-0.0855,15.0552,0.12335
1001226,1,1226,-0.0856,15.0607,0.12336
1001227,1,1227,-0.0858,15.0662,0.12338
1001228,1,1228,-0.0859,15.0717,0.1234
1001229,1,1229,-0.086,15.0772,0.12342
1001230,1,1230,-0.0861,15.0827,0.12343
1001231,1,1231,-0.0863,15.0882,0.12345
1001232,1,1232,-0.0864,15.0937,0.12347
1001233,1,1233,-0.0865,15.0992,0.12348
1001234,1,1234,-0.0866,15.1047,0.1235
1001235,1,1235,-0.0868,15.1102,0.12352
1001236,1,1236,-0.0869,15.1157,0.12353
1001237,1,1237,-0.087,15.1212,0.12355
1001238,1,1238,-0.0871,15.1267,0.12357
1001239,1,1239,-0.0872,15.1322,0.12358
1001240,1,1240,-0.0874,15.1377,0.1236
1001241,1,1241,-0.0875,15.1432,0.12362
1001242,1,1242,-0.0876,15.1487,0.12363
1001243,1,1243,-0.0877,15.1542,0.12365
1001244,1,1244,-0.0879,15.1596,0.12367
1001245,1,1245,-0.088,15.1651,0.12368
1001246,1,1246,-0.0881,15.1706,0.1237
1001247,1,1247,-0.0882,15.1761,0.12372
1001248,1,1248,-0.0883,15.1816,0.12373
1001249,1,1249,-0.0885,15.1871,0.12375
1001250,1,1250,-0.0886,15.1926,0.12377
1001251,1,1251,-0.0887,15.1981,0.12379
1001252,1,1252,-0.0888,15.2036,0.1238
1001253,1,1253,-0.089,15.2091,0.12382
1001254,1,1254,-0.0891,15.2146,0.12384
1001255,1,1255,-0.0892,15.2201,0.12385
1001256,1,1256,-0.0893,15.2256,0.12387
1001257,1,1257,-0.0894,15.2311,0.12389
1001258,1,1258,-0.0896,15.2366,0.1239
1001259,1,1259,-0.0897,15.2421,0.12392
1001260,1,1260,-0.0898,15.2476,0.12394
1001261,1,1261,-0.0899,15.2531,0.12395
1001262,1,1262,-0.0901,15.2586,0.12397
1001263,1,1263,-0.0902,15.2641,0.12399
1001264,1,1264,-0.0903,15.2696,0.12401
1001265,1,1265,-0.0904,15.2751,0.12402
1001266,1,1266,-0.0905,15.2806,0.12404
1001267,1,1267,-0.0907,15.2861,0.12406
1001268,1,1268,-0.0908,15.2916,0.12407
1001269,1,1269,-0.0909,15.2971,0.12409
1001270,1,1270,-0.091,15.3026,0.12411
1001271,1,1271,-0.0912,15.3081,0.12412
1001272,1,1272,-0.0913,15.3135,0.12414
1001273,1,1273,-0.0914,15.319,0.12416
1001274,1,1274,-0.0915,15.3245,0.12418
1001275,1,1275,-0.0916,15.33,0.12419
1001276,1,1276,-0.0918,15.3355,0.12421
1001277,1,1277,-0.0919,15.341,0.12423
1001278,1,1278,-0.092,15.3465,0.12424
1001279,1,1279,-0.0921,15.352,0.12426
1001280,1,1280,-0.0922,15.3575,0.12428
1001281,1,1281,-0.0924,15.363,0.1243
1001282,1,1282,-0.0925,15.3685,0.12431
1001283,1,1283,-0.0926,15.374,0.12433
1001284,1,1284,-0.0927,15.3795,0.12435
1001285,1,1285,-0.0928,15.385,0.12436
1001286,1,1286,-0.093,15.3905,0.12438
1001287,1,1287,-0.0931,15.396,0.1244
1001288,1,1288,-0.0932,15.4015,0.12442
1001289,1,1289,-0.0933,15.407,0.12443
1001290,1,1290,-0.0934,15.4125,0.12445
1001291,1,1291,-0.0936,15.4179,0.12447
1001292,1,1292,-0.0937,15.4234,0.12448
1001293,1,1293,-0.0938,15.4289,0.1245
1001294,1,1294,-0.0939,15.4344,0.12452
1001295,1,1295,-0.094,15.4399,0.12454
1001296,1,1296,-0.0942,15.4454,0.12455
1001297,1,1297,-0.0943,15.4509,0.12457
1001298,1,1298,-0.0944,15.4564,0.12459
1001299,1,1299,-0.0945,15.4619,0.12461
1001300,1,1300,-0.0946,15.4674,0.12462
1001301,1,1301,-0.0948,15.4729,0.12464
1001302,1,1302,-0.0949,15.4784,0.12466
1001303,1,1303,-0.095,15.4839,0.12467
1001304,1,1304,-0.0951,15.4894,0.12469
1001305,1,1305,-0.0952,15.4948,0.12471
1001306,1,1306,-0.0954,15.5003,0.12473
1001307,1,1307,-0.0955,15.5058,0.12474
1001308,1,1308,-0.0956,15.5113,0.12476
1001309,1,1309,-0.0957,15.5168,0.12478
1001310,1,1310,-0.0958,15.5223,0.1248
1001311,1,1311,-0.0959,15.5278,0.12481
1001312,1,1312,-0.0961,15.5333,0.12483
1001313,1,1313,-0.0962,15.5388,0.12485
1001314,1,1314,-0.0963,15.5443,0.12487
1001315,1,1315,-0.0964,15.5498,0.12488
1001316,1,1316,-0.0965,15.5552,0.1249
1001317,1,1317,-0.0967,15.5607,0.12492
1001318,1,1318,-0.0968,15.5662,0.12494
1001319,1,1319,-0.0969,15.5717,0.12495
1001320,1,1320,-0.097,15.5772,0.12497
1001321,1,1321,-0.0971,15.5827,0.12499
1001322,1,1322,-0.0972,15.5882,0.12501
1001323,1,1323,-0.0974,15.5937,0.12502
1001324,1,1324,-0.0975,15.5992,0.12504
1001325,1,1325,-0.0976,15.6047,0.12506
1001326,1,1326,-0.0977,15.6101,0.12508
1001327,1,1327,-0.0978,15.6156,0.1251
1001328,1,1328,-0.098,15.6211,0.12511
1001329,1,1329,-0.0981,15.6266,0.12513
1001330,1,1330,-0.0982,15.6321,0.12515
1001331,1,1331,-0.0983,15.6376,0.12517
1001332,1,1332,-0.0984,15.6431,0.12518
1001333,1,1333,-0.0985,15.6486,0.1252
1001334,1,1334,-0.0987,15.654,0.12522
1001335,1,1335,-0.0988,15.6595,0.12524
1001336,1,1336,-0.0989,15.665,0.12526
1001337,1,1337,-0.099,15.6705,0.12527
1001338,1,1338,-0.0991,15.676,0.12529
1001339,1,1339,-0.0992,15.6815,0.12531
1001340,1,1340,-0.0994,15.687,0.12533
1001341,1,1341,-0.0995,15.6924,0.12534
1001342,1,1342,-0.0996,15.6979,0.12536
1001343,1,1343,-0.0997,15.7034,0.12538
1001344,1,1344,-0.0998,15.7089,0.1254
1001345,1,1345,-0.0999,15.7144,0.12542
1001346,1,1346,-0.1001,15.7199,0.12543
1001347,1,1347,-0.1002,15.7253,0.12545
1001348,1,1348,-0.1003,15.7308,0.12547
1001349,1,1349,-0.1004,15.7363,0.12549
1001350,1,1350,-0.1005,15.7418,0.12551
1001351,1,1351,-0.1006,15.7473,0.12552
1001352,1,1352,-0.1008,15.7528,0.12554
1001353,1,1353,-0.1009,15.7582,0.12556
1001354,1,1354,-0.101,15.7637,0.12558
1001355,1,1355,-0.1011,15.7692,0.1256
1001356,1,1356,-0.1012,15.7747,0.12561
1001357,1,1357,-0.1013,15.7802,0.12563
1001358,1,1358,-0.1015,15.7856,0.12565
1001359,1,1359,-0.1016,15.7911,0.12567
1001360,1,1360,-0.1017,15.7966,0.12569
1001361,1,1361,-0.1018,15.8021,0.1257
1001362,1,1362,-0.1019,15.8076,0.12572
1001363,1,1363,-0.102,15.813,0.12574
1001364,1,1364,-0.1022,15.8185,0.12576
1001365,1,1365,-0.1023,15.824,0.12578
1001366,1,1366,-0.1024,15.8295,0.1258
1001367,1,1367,-0.1025,15.835,0.12581
1001368,1,1368,-0.1026,15.8404,0.12583
1001369,1,1369,-0.1027,15.8459,0.12585
1001370,1,1370,-0.1028,15.8514,0.12587
1001371,1,1371,-0.103,15.8569,0.12589
1001372,1,1372,-0.1031,15.8623,0.12591
1001373,1,1373,-0.1032,15.8678,0.12592
1001374,1,1374,-0.1033,15.8733,0.12594
1001375,1,1375,-0.1034,15.8788,0.12596
1001376,1,1376,-0.1035,15.8842,0.12598
1001377,1,1377,-0.1037,15.8897,0.126
1001378,1,1378,-0.1038,15.8952,0.12602
1001379,1,1379,-0.1039,15.9007,0.12603
1001380,1,1380,-0.104,15.9061,0.12605
1001381,1,1381,-0.1041,15.9116,0.12607
1001382,1,1382,-0.1042,15.9171,0.12609
1001383,1,1383,-0.1043,15.9226,0.12611
1001384,1,1384,-0.1045,15.928,0.12613
1001385,1,1385,-0.1046,15.9335,0.12615
1001386,1,1386,-0.1047,15.939,0.12616
1001387,1,1387,-0.1048,15.9445,0.12618
1001388,1,1388,-0.1049,15.9499,0.1262
1001389,1,1389,-0.105,15.9554,0.12622
1001390,1,1390,-0.1051,15.9609,0.12624
1001391,1,1391,-0.1053,15.9664,0.12626
1001392,1,1392,-0.1054,15.9718,0.12627
1001393,1,1393,-0.1055,15.9773,0.12629
1001394,1,1394,-0.1056,15.9828,0.12631
1001395,1,1395,-0.1057,15.9882,0.12633
1001396,1,1396,-0.1058,15.9937,0.12635
1001397,1,1397,-0.1059,15.9992,0.12637
1001398,1,1398,-0.1061,16.0047,0.12639
1001399,1,1399,-0.1062,16.0101,0.12641
1001400,1,1400,-0.1063,16.0156,0.12642
1001401,1,1401,-0.1064,16.0211,0.12644
1001402,1,1402,-0.1065,16.0265,0.12646
1001403,1,1403,-0.1066,16.032,0.12648
1001404,1,1404,-0.1067,16.0375,0.1265
1001405,1,1405,-0.1068,16.043,0.12652
1001406,1,1406,-0.107,16.0484,0.12654
1001407,1,1407,-0.1071,16.0539,0.12656
1001408,1,1408,-0.1072,16.0594,0.12657
1001409,1,1409,-0.1073,16.0648,0.12659
1001410,1,1410,-0.1074,16.0703,0.12661
1001411,1,1411,-0.1075,16.0758,0.12663
1001412,1,1412,-0.1076,16.0812,0.12665
1001413,1,1413,-0.1078,16.0867,0.12667
1001414,1,1414,-0.1079,16.0922,0.12669
1001415,1,1415,-0.108,16.0976,0.12671
1001416,1,1416,-0.1081,16.1031,0.12673
1001417,1,1417,-0.1082,16.1086,0.12674
1001418,1,1418,-0.1083,16.114,0.12676
1001419,1,1419,-0.1084,16.1195,0.12678
1001420,1,1420,-0.1085,16.125,0.1268
1001421,1,1421,-0.1087,16.1304,0.12682
1001422,1,1422,-0.1088,16.1359,0.12684
1001423,1,1423,-0.1089,16.1414,0.12686
1001424,1,1424,-0.109,16.1468,0.12688
1001425,1,1425,-0.1091,16.1523,0.1269
1001426,1,1426,-0.1092,16.1578,0.12692
1001427,1,1427,-0.1093,16.1632,0.12693
1001428,1,1428,-0.1094,16.1687,0.12695
1001429,1,1429,-0.1096,16.1742,0.12697
1001430,1,1430,-0.1097,16.1796,0.12699
1001431,1,1431,-0.1098,16.1851,0.12701
1001432,1,1432,-0.1099,16.1906,0.12703
1001433,1,1433,-0.11,16.196,0.12705
1001434,1,1434,-0.1101,16.2015,0.12707
1001435,1,1435,-0.1102,16.2069,0.12709
1001436,1,1436,-0.1103,16.2124,0.12711
1001437,1,1437,-0.1105,16.2179,0.12713
1001438,1,1438,-0.1106,16.2233,0.12715
1001439,1,1439,-0.1107,16.2288,0.12717
1001440,1,1440,-0.1108,16.2343,0.12718
1001441,1,1441,-0.1109,16.2397,0.1272
1001442,1,1442,-0.111,16.2452,0.12722
1001443,1,1443,-0.1111,16.2506,0.12724
1001444,1,1444,-0.1112,16.2561,0.12726
1001445,1,1445,-0.1113,16.2616,0.12728
1001446,1,1446,-0.1115,16.267,0.1273
1001447,1,1447,-0.1116,16.2725,0.12732
1001448,1,1448,-0.1117,16.2779,0.12734
1001449,1,1449,-0.1118,16.2834,0.12736
1001450,1,1450,-0.1119,16.2889,0.12738
1001451,1,1451,-0.112,16.2943,0.1274
1001452,1,1452,-0.1121,16.2998,0.12742
1001453,1,1453,-0.1122,16.3053,0.12744
1001454,1,1454,-0.1123,16.3107,0.12746
1001455,1,1455,-0.1125,16.3162,0.12747
1001456,1,1456,-0.1126,16.3216,0.12749
1001457,1,1457,-0.1127,16.3271,0.12751
1001458,1,1458,-0.1128,16.3325,0.12753
1001459,1,1459,-0.1129,16.338,0.12755
1001460,1,1460,-0.113,16.3435,0.12757
1001461,1,1461,-0.1131,16.3489,0.12759
1001462,1,1462,-0.1132,16.3544,0.12761
1001463,1,1463,-0.1133,16.3598,0.12763
1001464,1,1464,-0.1134,16.3653,0.12765
1001465,1,1465,-0.1136,16.3708,0.12767
1001466,1,1466,-0.1137,16.3762,0.12769
1001467,1,1467,-0.1138,16.3817,0.12771
1001468,1,1468,-0.1139,16.3871,0.12773
1001469,1,1469,-0.114,16.3926,0.12775
1001470,1,1470,-0.1141,16.3981,0.12777
1001471,1,1471,-0.1142,16.4035,0.12779
1001472,1,1472,-0.1143,16.409,0.12781
1001473,1,1473,-0.1144,16.4144,0.12783
1001474,1,1474,-0.1146,16.4199,0.12785
1001475,1,1475,-0.1147,16.4253,0.12787
1001476,1,1476,-0.1148,16.4308,0.12789
1001477,1,1477,-0.1149,16.4363,0.12791
1001478,1,1478,-0.115,16.4417,0.12793
1001479,1,1479,-0.1151,16.4472,0.12795
1001480,1,1480,-0.1152,16.4526,0.12797
1001481,1,1481,-0.1153,16.4581,0.12799
1001482,1,1482,-0.1154,16.4635,0.12801
1001483,1,1483,-0.1155,16.469,0.12803
1001484,1,1484,-0.1156,16.4745,0.12804
1001485,1,1485,-0.1158,16.4799,0.12806
1001486,1,1486,-0.1159,16.4854,0.12808
1001487,1,1487,-0.116,16.4908,0.1281
1001488,1,1488,-0.1161,16.4963,0.12812
1001489,1,1489,-0.1162,16.5017,0.12814
1001490,1,1490,-0.1163,16.5072,0.12816
1001491,1,1491,-0.1164,16.5126,0.12818
1001492,1,1492,-0.1165,16.5181,0.1282
1001493,1,1493,-0.1166,16.5236,0.12822
1001494,1,1494,-0.1167,16.529,0.12824
1001495,1,1495,-0.1168,16.5345,0.12826
1001496,1,1496,-0.117,16.5399,0.12828
1001497,1,1497,-0.1171,16.5454,0.1283
1001498,1,1498,-0.1172,16.5508,0.12832
1001499,1,1499,-0.1173,16.5563,0.12834
1001500,1,1500,-0.1174,16.5618,0.12836
1001501,1,1501,-0.1175,16.5672,0.12838
1001502,1,1502,-0.1176,16.5727,0.1284
1001503,1,1503,-0.1177,16.5781,0.12842
1001504,1,1504,-0.1178,16.5836,0.12844
1001505,1,1505,-0.1179,16.589,0.12846
1001506,1,1506,-0.118,16.5945,0.12848
1001507,1,1507,-0.1182,16.5999,0.1285
1001508,1,1508,-0.1183,16.6054,0.12852
1001509,1,1509,-0.1184,16.6109,0.12854
1001510,1,1510,-0.1185,16.6163,0.12856
1001511,1,1511,-0.1186,16.6218,0.12858
1001512,1,1512,-0.1187,16.6272,0.1286
1001513,1,1513,-0.1188,16.6327,0.12863
1001514,1,1514,-0.1189,16.6381,0.12865
1001515,1,1515,-0.119,16.6436,0.12867
1001516,1,1516,-0.1191,16.649,0.12869
1001517,1,1517,-0.1192,16.6545,0.12871
1001518,1,1518,-0.1193,16.6599,0.12873
1001519,1,1519,-0.1195,16.6654,0.12875
1001520,1,1520,-0.1196,16.6709,0.12877
1001521,1,1521,-0.1197,16.6763,0.12879
1001522,1,1522,-0.1198,16.6818,0.12881
1001523,1,1523,-0.1199,16.6872,0.12883
1001524,1,1524,-0.12,16.6927,0.12885
1001525,1,1525,-0.1201,16.6981,0.12887
1001526,1,1526,-0.1202,16.7036,0.12889
1001527,1,1527,-0.1203,16.709,0.12891
1001528,1,1528,-0.1204,16.7145,0.12893
1001529,1,1529,-0.1205,16.72,0.12895
1001530,1,1530,-0.1206,16.7254,0.12897
1001531,1,1531,-0.1207,16.7309,0.12899
1001532,1,1532,-0.1208,16.7363,0.12901
1001533,1,1533,-0.121,16.7418,0.12903
1001534,1,1534,-0.1211,16.7472,0.12905
1001535,1,1535,-0.1212,16.7527,0.12907
1001536,1,1536,-0.1213,16.7581,0.12909
1001537,1,1537,-0.1214,16.7636,0.12911
1001538,1,1538,-0.1215,16.769,0.12913
1001539,1,1539,-0.1216,16.7745,0.12915
1001540,1,1540,-0.1217,16.78,0.12917
1001541,1,1541,-0.1218,16.7854,0.12919
1001542,1,1542,-0.1219,16.7909,0.12921
1001543,1,1543,-0.122,16.7963,0.12923
1001544,1,1544,-0.1221,16.8018,0.12925
1001545,1,1545,-0.1222,16.8072,0.12928
1001546,1,1546,-0.1223,16.8127,0.1293
1001547,1,1547,-0.1225,16.8181,0.12932
1001548,1,1548,-0.1226,16.8236,0.12934
1001549,1,1549,-0.1227,16.829,0.12936
1001550,1,1550,-0.1228,16.8345,0.12938
1001551,1,1551,-0.1229,16.84,0.1294
1001552,1,1552,-0.123,16.8454,0.12942
1001553,1,1553,-0.1231,16.8509,0.12944
1001554,1,1554,-0.1232,16.8563,0.12946
1001555,1,1555,-0.1233,16.8618,0.12948
1001556,1,1556,-0.1234,16.8672,0.1295
1001557,1,1557,-0.1235,16.8727,0.12952
1001558,1,1558,-0.1236,16.8781,0.12954
1001559,1,1559,-0.1237,16.8836,0.12956
1001560,1,1560,-0.1238,16.8891,0.12958
1001561,1,1561,-0.1239,16.8945,0.1296
1001562,1,1562,-0.124,16.9,0.12962
1001563,1,1563,-0.1242,16.9054,0.12965
1001564,1,1564,-0.1243,16.9109,0.12967
1001565,1,1565,-0.1244,16.9163,0.12969
1001566,1,1566,-0.1245,16.9218,0.12971
1001567,1,1567,-0.1246,16.9272,0.12973
1001568,1,1568,-0.1247,16.9327,0.12975
1001569,1,1569,-0.1248,16.9382,0.12977
1001570,1,1570,-0.1249,16.9436,0.12979
1001571,1,1571,-0.125,16.9491,0.12981
1001572,1,1572,-0.1251,16.9545,0.12983
1001573,1,1573,-0.1252,16.96,0.12985
1001574,1,1574,-0.1253,16.9654,0.12987
1001575,1,1575,-0.1254,16.9709,0.12989
1001576,1,1576,-0.1255,16.9763,0.12991
1001577,1,1577,-0.1256,16.9818,0.12993
1001578,1,1578,-0.1257,16.9873,0.12996
1001579,1,1579,-0.1258,16.9927,0.12998
1001580,1,1580,-0.1259,16.9982,0.13
1001581,1,1581,-0.126,17.0036,0.13002
1001582,1,1582,-0.1262,17.0091,0.13004
1001583,1,1583,-0.1263,17.0145,0.13006
1001584,1,1584,-0.1264,17.02,0.13008
1001585,1,1585,-0.1265,17.0255,0.1301
1001586,1,1586,-0.1266,17.0309,0.13012
1001587,1,1587,-0.1267,17.0364,0.13014
1001588,1,1588,-0.1268,17.0418,0.13016
1001589,1,1589,-0.1269,17.0473,0.13018
1001590,1,1590,-0.127,17.0527,0.1302
1001591,1,1591,-0.1271,17.0582,0.13023
1001592,1,1592,-0.1272,17.0636,0.13025
1001593,1,1593,-0.1273,17.0691,0.13027
1001594,1,1594,-0.1274,17.0746,0.13029
1001595,1,1595,-0.1275,17.08,0.13031
1001596,1,1596,-0.1276,17.0855,0.13033
1001597,1,1597,-0.1277,17.0909,0.13035
1001598,1,1598,-0.1278,17.0964,0.13037
1001599,1,1599,-0.1279,17.1018,0.13039
1001600,1,1600,-0.128,17.1073,0.13041
1001601,1,1601,-0.1281,17.1127,0.13043
1001602,1,1602,-0.1282,17.1182,0.13045
1001603,1,1603,-0.1283,17.1237,0.13047
1001604,1,1604,-0.1285,17.1291,0.1305
1001605,1,1605,-0.1286,17.1346,0.13052
1001606,1,1606,-0.1287,17.14,0.13054
1001607,1,1607,-0.1288,17.1455,0.13056
1001608,1,1608,-0.1289,17.1509,0.13058
1001609,1,1609,-0.129,17.1564,0.1306
1001610,1,1610,-0.1291,17.1618,0.13062
1001611,1,1611,-0.1292,17.1673,0.13064
1001612,1,1612,-0.1293,17.1728,0.13066
1001613,1,1613,-0.1294,17.1782,0.13068
1001614,1,1614,-0.1295,17.1837,0.1307
1001615,1,1615,-0.1296,17.1891,0.13073
1001616,1,1616,-0.1297,17.1946,0.13075
1001617,1,1617,-0.1298,17.2,0.13077
1001618,1,1618,-0.1299,17.2055,0.13079
1001619,1,1619,-0.13,17.2109,0.13081
1001620,1,1620,-0.1301,17.2164,0.13083
1001621,1,1621,-0.1302,17.2218,0.13085
1001622,1,1622,-0.1303,17.2273,0.13087
1001623,1,1623,-0.1304,17.2328,0.13089
1001624,1,1624,-0.1305,17.2382,0.13091
1001625,1,1625,-0.1306,17.2437,0.13093
1001626,1,1626,-0.1307,17.2491,0.13096
1001627,1,1627,-0.1308,17.2546,0.13098
1001628,1,1628,-0.1309,17.26,0.131
1001629,1,1629,-0.131,17.2655,0.13102
1001630,1,1630,-0.1311,17.2709,0.13104
1001631,1,1631,-0.1312,17.2764,0.13106
1001632,1,1632,-0.1314,17.2818,0.13108
1001633,1,1633,-0.1315,17.2873,0.1311
1001634,1,1634,-0.1316,17.2927,0.13112
1001635,1,1635,-0.1317,17.2982,0.13114
1001636,1,1636,-0.1318,17.3037,0.13117
1001637,1,1637,-0.1319,17.3091,0.13119
1001638,1,1638,-0.132,17.3146,0.13121
1001639,1,1639,-0.1321,17.32,0.13123
1001640,1,1640,-0.1322,17.3255,0.13125
1001641,1,1641,-0.1323,17.3309,0.13127
1001642,1,1642,-0.1324,17.3364,0.13129
1001643,1,1643,-0.1325,17.3418,0.13131
1001644,1,1644,-0.1326,17.3473,0.13133
1001645,1,1645,-0.1327,17.3527,0.13135
1001646,1,1646,-0.1328,17.3582,0.13137
1001647,1,1647,-0.1329,17.3636,0.1314
1001648,1,1648,-0.133,17.3691,0.13142
1001649,1,1649,-0.1331,17.3745,0.13144
1001650,1,1650,-0.1332,17.38,0.13146
1001651,1,1651,-0.1333,17.3854,0.13148
1001652,1,1652,-0.1334,17.3909,0.1315
1001653,1,1653,-0.1335,17.3963,0.13152
1001654,1,1654,-0.1336,17.4018,0.13154
1001655,1,1655,-0.1337,17.4072,0.13156
1001656,1,1656,-0.1338,17.4127,0.13159
1001657,1,1657,-0.1339,17.4181,0.13161
1001658,1,1658,-0.134,17.4236,0.13163
1001659,1,1659,-0.1341,17.429,0.13165
1001660,1,1660,-0.1342,17.4345,0.13167
1001661,1,1661,-0.1343,17.4399,0.13169
1001662,1,1662,-0.1344,17.4454,0.13171
1001663,1,1663,-0.1345,17.4508,0.13173
1001664,1,1664,-0.1346,17.4563,0.13175
1001665,1,1665,-0.1347,17.4617,0.13177
1001666,1,1666,-0.1348,17.4672,0.1318
1001667,1,1667,-0.1349,17.4726,0.13182
1001668,1,1668,-0.135,17.4781,0.13184
1001669,1,1669,-0.1351,17.4835,0.13186
1001670,1,1670,-0.1352,17.489,0.13188
1001671,1,1671,-0.1353,17.4944,0.1319
1001672,1,1672,-0.1354,17.4999,0.13192
1001673,1,1673,-0.1355,17.5053,0.13194
1001674,1,1674,-0.1356,17.5107,0.13196
1001675,1,1675,-0.1357,17.5162,0.13199
1001676,1,1676,-0.1358,17.5216,0.13201
1001677,1,1677,-0.1359,17.5271,0.13203
1001678,1,1678,-0.136,17.5325,0.13205
1001679,1,1679,-0.1361,17.538,0.13207
1001680,1,1680,-0.1362,17.5434,0.13209
1001681,1,1681,-0.1363,17.5489,0.13211
1001682,1,1682,-0.1364,17.5543,0.13213
1001683,1,1683,-0.1365,17.5598,0.13215
1001684,1,1684,-0.1366,17.5652,0.13218
1001685,1,1685,-0.1367,17.5706,0.1322
1001686,1,1686,-0.1368,17.5761,0.13222
1001687,1,1687,-0.1369,17.5815,0.13224
1001688,1,1688,-0.137,17.587,0.13226
1001689,1,1689,-0.1371,17.5924,0.13228
1001690,1,1690,-0.1373,17.5979,0.1323
1001691,1,1691,-0.1374,17.6033,0.13232
1001692,1,1692,-0.1375,17.6087,0.13234
1001693,1,1693,-0.1376,17.6142,0.13237
1001694,1,1694,-0.1377,17.6196,0.13239
1001695,1,1695,-0.1378,17.6251,0.13241
1001696,1,1696,-0.1379,17.6305,0.13243
1001697,1,1697,-0.138,17.636,0.13245
1001698,1,1698,-0.1381,17.6414,0.13247
1001699,1,1699,-0.1382,17.6468,0.13249
1001700,1,1700,-0.1383,17.6523,0.13251
1001701,1,1701,-0.1384,17.6577,0.13253
1001702,1,1702,-0.1385,17.6632,0.13256
1001703,1,1703,-0.1386,17.6686,0.13258
1001704,1,1704,-0.1387,17.674,0.1326
1001705,1,1705,-0.1388,17.6795,0.13262
1001706,1,1706,-0.1389,17.6849,0.13264
1001707,1,1707,-0.139,17.6904,0.13266
1001708,1,1708,-0.1391,17.6958,0.13268
1001709,1,1709,-0.1392,17.7012,0.1327
1001710,1,1710,-0.1393,17.7067,0.13272
1001711,1,1711,-0.1394,17.7121,0.13275
1001712,1,1712,-0.1395,17.7175,0.13277
1001713,1,1713,-0.1396,17.723,0.13279
1001714,1,1714,-0.1397,17.7284,0.13281
1001715,1,1715,-0.1398,17.7339,0.13283
1001716,1,1716,-0.1399,17.7393,0.13285
1001717,1,1717,-0.14,17.7447,0.13287
1001718,1,1718,-0.1401,17.7502,0.13289
1001719,1,1719,-0.1402,17.7556,0.13291
1001720,1,1720,-0.1403,17.761,0.13294
1001721,1,1721,-0.1404,17.7665,0.13296
1001722,1,1722,-0.1404,17.7719,0.13298
1001723,1,1723,-0.1405,17.7773,0.133
1001724,1,1724,-0.1406,17.7828,0.13302
1001725,1,1725,-0.1407,17.7882,0.13304
1001726,1,1726,-0.1408,17.7936,0.13306
1001727,1,1727,-0.1409,17.7991,0.13308
1001728,1,1728,-0.141,17.8045,0.1331
1001729,1,1729,-0.1411,17.8099,0.13313
1001730,1,1730,-0.1412,17.8154,0.13315
1001731,1,1731,-0.1413,17.8208,0.13317
1001732,1,1732,-0.1414,17.8262,0.13319
1001733,1,1733,-0.1415,17.8317,0.13321
1001734,1,1734,-0.1416,17.8371,0.13323
1001735,1,1735,-0.1417,17.8425,0.13325
1001736,1,1736,-0.1418,17.848,0.13327
1001737,1,1737,-0.1419,17.8534,0.13329
1001738,1,1738,-0.142,17.8588,0.13332
1001739,1,1739,-0.1421,17.8642,0.13334
1001740,1,1740,-0.1422,17.8697,0.13336
1001741,1,1741,-0.1423,17.8751,0.13338
1001742,1,1742,-0.1424,17.8805,0.1334
1001743,1,1743,-0.1425,17.886,0.13342
1001744,1,1744,-0.1426,17.8914,0.13344
1001745,1,1745,-0.1427,17.8968,0.13346
1001746,1,1746,-0.1428,17.9022,0.13348
1001747,1,1747,-0.1429,17.9077,0.13351
1001748,1,1748,-0.143,17.9131,0.13353
1001749,1,1749,-0.1431,17.9185,0.13355
1001750,1,1750,-0.1432,17.924,0.13357
1001751,1,1751,-0.1433,17.9294,0.13359
1001752,1,1752,-0.1434,17.9348,0.13361
1001753,1,1753,-0.1435,17.9402,0.13363
1001754,1,1754,-0.1436,17.9457,0.13365
1001755,1,1755,-0.1437,17.9511,0.13367
1001756,1,1756,-0.1438,17.9565,0.1337
1001757,1,1757,-0.1439,17.9619,0.13372
1001758,1,1758,-0.144,17.9674,0.13374
1001759,1,1759,-0.1441,17.9728,0.13376
1001760,1,1760,-0.1442,17.9782,0.13378
1001761,1,1761,-0.1443,17.9836,0.1338
1001762,1,1762,-0.1444,17.989,0.13382
1001763,1,1763,-0.1445,17.9945,0.13384
1001764,1,1764,-0.1446,17.9999,0.13386
1001765,1,1765,-0.1447,18.0053,0.13389
1001766,1,1766,-0.1448,18.0107,0.13391
1001767,1,1767,-0.1449,18.0162,0.13393
1001768,1,1768,-0.145,18.0216,0.13395
1001769,1,1769,-0.1451,18.027,0.13397
1001770,1,1770,-0.1452,18.0324,0.13399
1001771,1,1771,-0.1453,18.0378,0.13401
1001772,1,1772,-0.1454,18.0432,0.13403
1001773,1,1773,-0.1455,18.0487,0.13405
1001774,1,1774,-0.1456,18.0541,0.13408
1001775,1,1775,-0.1457,18.0595,0.1341
1001776,1,1776,-0.1458,18.0649,0.13412
1001777,1,1777,-0.1459,18.0703,0.13414
1001778,1,1778,-0.146,18.0758,0.13416
1001779,1,1779,-0.1461,18.0812,0.13418
1001780,1,1780,-0.1462,18.0866,0.1342
1001781,1,1781,-0.1462,18.092,0.13422
1001782,1,1782,-0.1463,18.0974,0.13424
1001783,1,1783,-0.1464,18.1028,0.13426
1001784,1,1784,-0.1465,18.1082,0.13429
1001785,1,1785,-0.1466,18.1137,0.13431
1001786,1,1786,-0.1467,18.1191,0.13433
1001787,1,1787,-0.1468,18.1245,0.13435
1001788,1,1788,-0.1469,18.1299,0.13437
1001789,1,1789,-0.147,18.1353,0.13439
1001790,1,1790,-0.1471,18.1407,0.13441
1001791,1,1791,-0.1472,18.1461,0.13443
1001792,1,1792,-0.1473,18.1515,0.13445
1001793,1,1793,-0.1474,18.157,0.13448
1001794,1,1794,-0.1475,18.1624,0.1345
1001795,1,1795,-0.1476,18.1678,0.13452
1001796,1,1796,-0.1477,18.1732,0.13454
1001797,1,1797,-0.1478,18.1786,0.13456
1001798,1,1798,-0.1479,18.184,0.13458
1001799,1,1799,-0.148,18.1894,0.1346
1001800,1,1800,-0.1481,18.1948,0.13462
1001801,1,1801,-0.1482,18.2002,0.13464
1001802,1,1802,-0.1483,18.2056,0.13466
1001803,1,1803,-0.1484,18.211,0.13469
1001804,1,1804,-0.1485,18.2164,0.13471
1001805,1,1805,-0.1486,18.2218,0.13473
1001806,1,1806,-0.1487,18.2272,0.13475
1001807,1,1807,-0.1488,18.2327,0.13477
1001808,1,1808,-0.1489,18.2381,0.13479
1001809,1,1809,-0.149,18.2435,0.13481
1001810,1,1810,-0.1491,18.2489,0.13483
1001811,1,1811,-0.1491,18.2543,0.13485
1001812,1,1812,-0.1492,18.2597,0.13487
1001813,1,1813,-0.1493,18.2651,0.1349
1001814,1,1814,-0.1494,18.2705,0.13492
1001815,1,1815,-0.1495,18.2759,0.13494
1001816,1,1816,-0.1496,18.2813,0.13496
1001817,1,1817,-0.1497,18.2867,0.13498
1001818,1,1818,-0.1498,18.2921,0.135
1001819,1,1819,-0.1499,18.2975,0.13502
1001820,1,1820,-0.15,18.3029,0.13504
1001821,1,1821,-0.1501,18.3083,0.13506
1001822,1,1822,-0.1502,18.3137,0.13508
1001823,1,1823,-0.1503,18.319,0.13511
1001824,1,1824,-0.1504,18.3244,0.13513
1001825,1,1825,-0.1505,18.3298,0.13515
1001826,1,1826,-0.1506,18.3352,0.13517
2000000,2,0,0.3809,3.2322,0.14171
2000001,2,1,0.3259,3.1957,0.14578
2000002,2,2,0.3101,3.2104,0.14637
2000003,2,3,0.2986,3.2315,0.14657
2000004,2,4,0.2891,3.2558,0.14658
2000005,2,5,0.281,3.2821,0.14646
2000006,2,6,0.2737,3.3099,0.14626
2000007,2,7,0.2671,3.3388,0.146
2000008,2,8,0.2609,3.3687,0.14569
2000009,2,9,0.2551,3.3995,0.14534
2000010,2,10,0.2497,3.4314,0.14498
2000011,2,11,0.2446,3.4643,0.14459
2000012,2,12,0.2397,3.4983,0.1442
2000013,2,13,0.2349,3.5333,0.1438
2000014,2,14,0.2304,3.5693,0.14339
2000015,2,15,0.226,3.6063,0.14299
2000016,2,16,0.2218,3.6438,0.14258
2000017,2,17,0.2177,3.6818,0.14218
2000018,2,18,0.2137,3.7201,0.14177
2000019,2,19,0.2099,3.7584,0.14138
2000020,2,20,0.2061,3.7968,0.14098
2000021,2,21,0.2024,3.8352,0.1406
2000022,2,22,0.1989,3.8735,0.14021
2000023,2,23,0.1954,3.9116,0.13984
2000024,2,24,0.1919,3.9495,0.13947
2000025,2,25,0.1886,3.9872,0.1391
2000026,2,26,0.1853,4.0247,0.13875
2000027,2,27,0.1821,4.0618,0.1384
2000028,2,28,0.1789,4.0987,0.13805
2000029,2,29,0.1758,4.1353,0.13771
2000030,2,30,0.1727,4.1716,0.13738
2000031,2,31,0.1697,4.2075,0.13706
2000032,2,32,0.1668,4.2431,0.13674
2000033,2,33,0.1638,4.2783,0.13643
2000034,2,34,0.161,4.3131,0.13613
2000035,2,35,0.1582,4.3476,0.13583
2000036,2,36,0.1554,4.3818,0.13554
2000037,2,37,0.1526,4.4155,0.13526
2000038,2,38,0.1499,4.449,0.13498
2000039,2,39,0.1473,4.482,0.1347
2000040,2,40,0.1446,4.5148,0.13444
2000041,2,41,0.142,4.5472,0.13418
2000042,2,42,0.1395,4.5793,0.13392
2000043,2,43,0.1369,4.611,0.13367
2000044,2,44,0.1344,4.6425,0.13342
2000045,2,45,0.132,4.6736,0.13318
2000046,2,46,0.1295,4.7044,0.13295
2000047,2,47,0.1271,4.7349,0.13272
2000048,2,48,0.1247,4.7651,0.1325
2000049,2,49,0.1224,4.795,0.13228
2000050,2,50,0.12,4.8245,0.13206
2000051,2,51,0.1177,4.8538,0.13185
2000052,2,52,0.1154,4.8828,0.13165
2000053,2,53,0.1132,4.9115,0.13145
2000054,2,54,0.1109,4.9399,0.13125
2000055,2,55,0.1087,4.968,0.13106
2000056,2,56,0.1065,4.9959,0.13087
2000057,2,57,0.1044,5.0235,0.13068
2000058,2,58,0.1022,5.0509,0.1305
2000059,2,59,0.1001,5.078,0.13033
2000060,2,60,0.098,5.1049,0.13015
2000061,2,61,0.0959,5.1315,0.12998
2000062,2,62,0.0938,5.158,0.12982
2000063,2,63,0.0918,5.1842,0.12966
2000064,2,64,0.0897,5.2102,0.1295
2000065,2,65,0.0877,5.236,0.12934
2000066,2,66,0.0857,5.2616,0.12919
2000067,2,67,0.0838,5.287,0.12904
2000068,2,68,0.0818,5.3121,0.12889
2000069,2,69,0.0798,5.337,0.12875
2000070,2,70,0.0779,5.3618,0.12861
2000071,2,71,0.076,5.3863,0.12847
2000072,2,72,0.0741,5.4107,0.12834
2000073,2,73,0.0722,5.4348,0.12821
2000074,2,74,0.0704,5.4587,0.12808
2000075,2,75,0.0685,5.4825,0.12795
2000076,2,76,0.0667,5.5061,0.12783
2000077,2,77,0.0648,5.5295,0.1277
2000078,2,78,0.063,5.5527,0.12758
2000079,2,79,0.0612,5.5757,0.12747
2000080,2,80,0.0595,5.5986,0.12735
2000081,2,81,0.0577,5.6213,0.12724
2000082,2,82,0.0559,5.6438,0.12713
2000083,2,83,0.0542,5.6662,0.12702
2000084,2,84,0.0525,5.6883,0.12691
2000085,2,85,0.0508,5.7104,0.12681
2000086,2,86,0.049,5.7322,0.12671
2000087,2,87,0.0474,5.7539,0.1266
2000088,2,88,0.0457,5.7755,0.12651
2000089,2,89,0.044,5.7969,0.12641
2000090,2,90,0.0424,5.8181,0.12631
2000091,2,91,0.0407,5.8393,0.12622
2000092,2,92,0.0391,5.8602,0.12613
2000093,2,93,0.0375,5.881,0.12604
2000094,2,94,0.0358,5.9017,0.12595
2000095,2,95,0.0342,5.9223,0.12586
2000096,2,96,0.0327,5.9427,0.12577
2000097,2,97,0.0311,5.9629,0.12569
2000098,2,98,0.0295,5.9831,0.12561
2000099,2,99,0.0279,6.0031,0.12553
2000100,2,100,0.0264,6.0229,0.12545
2000101,2,101,0.0249,6.0426,0.12537
2000102,2,102,0.0233,6.0622,0.12529
2000103,2,103,0.0218,6.0817,0.12522
2000104,2,104,0.0203,6.101,0.12514
2000105,2,105,0.0188,6.1202,0.12507
2000106,2,106,0.0173,6.1393,0.125
2000107,2,107,0.0158,6.1582,0.12493
2000108,2,108,0.0144,6.1771,0.12486
2000109,2,109,0.0129,6.1958,0.12479
2000110,2,110,0.0114,6.2143,0.12472
2000111,2,111,0.01,6.2328,0.12466
2000112,2,112,0.0086,6.2511,0.12459
2000113,2,113,0.0071,6.2693,0.12453
2000114,2,114,0.0057,6.2874,0.12447
2000115,2,115,0.0043,6.3054,0.12441
2000116,2,116,0.0029,6.3232,0.12435
2000117,2,117,0.0015,6.341,0.12429
2000118,2,118,0.0001,6.3586,0.12423
2000119,2,119,-0.0013,6.3761,0.12417
2000120,2,120,-0.0026,6.3935,0.12412
2000121,2,121,-0.004,6.4108,0.12406
2000122,2,122,-0.0053,6.428,0.12401
2000123,2,123,-0.0067,6.445,0.12395
2000124,2,124,-0.008,6.462,0.1239
2000125,2,125,-0.0094,6.4788,0.12385
2000126,2,126,-0.0107,6.4956,0.1238
2000127,2,127,-0.012,6.5122,0.12375
2000128,2,128,-0.0133,6.5288,0.1237
2000129,2,129,-0.0146,6.5452,0.12365
2000130,2,130,-0.0159,6.5615,0.1236
2000131,2,131,-0.0172,6.5777,0.12355
2000132,2,132,-0.0185,6.5939,0.12351
2000133,2,133,-0.0198,6.6099,0.12346
2000134,2,134,-0.021,6.6258,0.12342
2000135,2,135,-0.0223,6.6416,0.12337
2000136,2,136,-0.0235,6.6573,0.12333
2000137,2,137,-0.0248,6.6729,0.12329
2000138,2,138,-0.026,6.6884,0.12325
2000139,2,139,-0.0273,6.7039,0.12321
2000140,2,140,-0.0285,6.7192,0.12317
2000141,2,141,-0.0297,6.7344,0.12313
2000142,2,142,-0.0309,6.7495,0.12309
2000143,2,143,-0.0321,6.7646,0.12305
2000144,2,144,-0.0333,6.7795,0.12301
2000145,2,145,-0.0345,6.7944,0.12298
2000146,2,146,-0.0357,6.8091,0.12294
2000147,2,147,-0.0369,6.8238,0.12291
2000148,2,148,-0.0381,6.8384,0.12287
2000149,2,149,-0.0393,6.8529,0.12284
2000150,2,150,-0.0404,6.8673,0.12281
2000151,2,151,-0.0416,6.8816,0.12277
2000152,2,152,-0.0428,6.8959,0.12274
2000153,2,153,-0.0439,6.91,0.12271
2000154,2,154,-0.045,6.9241,0.12268
2000155,2,155,-0.0462,6.9381,0.12265
2000156,2,156,-0.0473,6.952,0.12262
2000157,2,157,-0.0484,6.9659,0.12259
2000158,2,158,-0.0496,6.9797,0.12256
2000159,2,159,-0.0507,6.9934,0.12254
2000160,2,160,-0.0518,7.007,0.12251
2000161,2,161,-0.0529,7.0205,0.12248
2000162,2,162,-0.054,7.034,0.12246
2000163,2,163,-0.0551,7.0474,0.12243
2000164,2,164,-0.0562,7.0607,0.12241
2000165,2,165,-0.0573,7.074,0.12238
2000166,2,166,-0.0583,7.0872,0.12236
2000167,2,167,-0.0594,7.1003,0.12234
2000168,2,168,-0.0605,7.1133,0.12231
2000169,2,169,-0.0615,7.1263,0.12229
2000170,2,170,-0.0626,7.1393,0.12227
2000171,2,171,-0.0637,7.1521,0.12225
2000172,2,172,-0.0647,7.1649,0.12223
2000173,2,173,-0.0658,7.1776,0.12221
2000174,2,174,-0.0668,7.1903,0.12219
2000175,2,175,-0.0678,7.2029,0.12217
2000176,2,176,-0.0689,7.2154,0.12215
2000177,2,177,-0.0699,7.2279,0.12214
2000178,2,178,-0.0709,7.2403,0.12212
2000179,2,179,-0.0719,7.2527,0.1221
2000180,2,180,-0.0729,7.265,0.12208
2000181,2,181,-0.0739,7.2772,0.12207
2000182,2,182,-0.0749,7.2894,0.12205
2000183,2,183,-0.0759,7.3016,0.12204
2000184,2,184,-0.0769,7.3136,0.12202
2000185,2,185,-0.0779,7.3256,0.12201
2000186,2,186,-0.0789,7.3376,0.122
2000187,2,187,-0.0799,7.3495,0.12198
2000188,2,188,-0.0808,7.3614,0.12197
2000189,2,189,-0.0818,7.3732,0.12196
2000190,2,190,-0.0828,7.3849,0.12195
2000191,2,191,-0.0837,7.3966,0.12194
2000192,2,192,-0.0847,7.4082,0.12192
2000193,2,193,-0.0857,7.4198,0.12191
2000194,2,194,-0.0866,7.4314,0.1219
2000195,2,195,-0.0875,7.4429,0.12189
2000196,2,196,-0.0885,7.4543,0.12188
2000197,2,197,-0.0894,7.4657,0.12188
2000198,2,198,-0.0904,7.477,0.12187
2000199,2,199,-0.0913,7.4883,0.12186
2000200,2,200,-0.0922,7.4995,0.12185
2000201,2,201,-0.0931,7.5107,0.12184
2000202,2,202,-0.094,7.5219,0.12184
2000203,2,203,-0.095,7.533,0.12183
2000204,2,204,-0.0959,7.544,0.12182
2000205,2,205,-0.0968,7.5551,0.12182
2000206,2,206,-0.0977,7.566,0.12181
2000207,2,207,-0.0986,7.5769,0.12181
2000208,2,208,-0.0995,7.5878,0.1218
2000209,2,209,-0.1003,7.5986,0.1218
2000210,2,210,-0.1012,7.6094,0.12179
2000211,2,211,-0.1021,7.6202,0.12179
2000212,2,212,-0.103,7.6309,0.12179
2000213,2,213,-0.1039,7.6416,0.12178
2000214,2,214,-0.1047,7.6522,0.12178
2000215,2,215,-0.1056,7.6628,0.12178
2000216,2,216,-0.1065,7.6733,0.12177
2000217,2,217,-0.1073,7.6838,0.12177
2000218,2,218,-0.1082,7.6943,0.12177
2000219,2,219,-0.109,7.7047,0.12177
2000220,2,220,-0.1099,7.7151,0.12177
2000221,2,221,-0.1107,7.7254,0.12177
2000222,2,222,-0.1116,7.7357,0.12177
2000223,2,223,-0.1124,7.746,0.12176
2000224,2,224,-0.1132,7.7562,0.12176
2000225,2,225,-0.1141,7.7664,0.12176
2000226,2,226,-0.1149,7.7766,0.12176
2000227,2,227,-0.1157,7.7867,0.12177
2000228,2,228,-0.1165,7.7968,0.12177
2000229,2,229,-0.1173,7.8068,0.12177
2000230,2,230,-0.1181,7.8169,0.12177
2000231,2,231,-0.119,7.8268,0.12177
2000232,2,232,-0.1198,7.8368,0.12177
2000233,2,233,-0.1206,7.8467,0.12177
2000234,2,234,-0.1214,7.8566,0.12178
2000235,2,235,-0.1222,7.8664,0.12178
2000236,2,236,-0.1229,7.8762,0.12178
2000237,2,237,-0.1237,7.886,0.12178
2000238,2,238,-0.1245,7.8957,0.12179
2000239,2,239,-0.1253,7.9054,0.12179
2000240,2,240,-0.1261,7.9151,0.12179
2000241,2,241,-0.1269,7.9247,0.1218
2000242,2,242,-0.1276,7.9343,0.1218
2000243,2,243,-0.1284,7.9439,0.1218
2000244,2,244,-0.1292,7.9534,0.12181
2000245,2,245,-0.1299,7.9629,0.12181
2000246,2,246,-0.1307,7.9724,0.12182
2000247,2,247,-0.1314,7.9819,0.12182
2000248,2,248,-0.1322,7.9913,0.12182
2000249,2,249,-0.1329,8.0007,0.12183
2000250,2,250,-0.1337,8.01,0.12183
2000251,2,251,-0.1344,8.0193,0.12184
2000252,2,252,-0.1352,8.0286,0.12185
2000253,2,253,-0.1359,8.0379,0.12185
2000254,2,254,-0.1367,8.0471,0.12186
2000255,2,255,-0.1374,8.0563,0.12186
2000256,2,256,-0.1381,8.0655,0.12187
2000257,2,257,-0.1388,8.0746,0.12187
2000258,2,258,-0.1396,8.0837,0.12188
2000259,2,259,-0.1403,8.0928,0.12189
2000260,2,260,-0.141,8.1019,0.12189
2000261,2,261,-0.1417,8.1109,0.1219
2000262,2,262,-0.1424,8.1199,0.1219
2000263,2,263,-0.1431,8.1289,0.12191
2000264,2,264,-0.1438,8.1378,0.12192
2000265,2,265,-0.1445,8.1468,0.12192
2000266,2,266,-0.1452,8.1557,0.12193
2000267,2,267,-0.1459,8.1645,0.12194
2000268,2,268,-0.1466,8.1734,0.12194
2000269,2,269,-0.1473,8.1822,0.12195
2000270,2,270,-0.148,8.191,0.12196
2000271,2,271,-0.1487,8.1998,0.12197
2000272,2,272,-0.1494,8.2085,0.12197
2000273,2,273,-0.1501,8.2172,0.12198
2000274,2,274,-0.1507,8.2259,0.12199
2000275,2,275,-0.1514,8.2346,0.12199
2000276,2,276,-0.1521,8.2432,0.122
2000277,2,277,-0.1528,8.2519,0.12201
2000278,2,278,-0.1534,8.2605,0.12202
2000279,2,279,-0.1541,8.269,0.12202
2000280,2,280,-0.1547,8.2776,0.12203
2000281,2,281,-0.1554,8.2861,0.12204
2000282,2,282,-0.1561,8.2946,0.12205
2000283,2,283,-0.1567,8.3031,0.12206
2000284,2,284,-0.1574,8.3116,0.12206
2000285,2,285,-0.158,8.3201,0.12207
2000286,2,286,-0.1587,8.3285,0.12208
2000287,2,287,-0.1593,8.3369,0.12209
2000288,2,288,-0.1599,8.3453,0.12209
2000289,2,289,-0.1606,8.3536,0.1221
2000290,2,290,-0.1612,8.362,0.12211
2000291,2,291,-0.1618,8.3703,0.12212
2000292,2,292,-0.1625,8.3786,0.12213
2000293,2,293,-0.1631,8.3869,0.12213
2000294,2,294,-0.1637,8.3952,0.12214
2000295,2,295,-0.1643,8.4035,0.12215
2000296,2,296,-0.165,8.4117,0.12216
2000297,2,297,-0.1656,8.4199,0.12217
2000298,2,298,-0.1662,8.4281,0.12218
2000299,2,299,-0.1668,8.4363,0.12218
2000300,2,300,-0.1674,8.4445,0.12219
2000301,2,301,-0.168,8.4526,0.1222
2000302,2,302,-0.1686,8.4607,0.12221
2000303,2,303,-0.1692,8.4688,0.12222
2000304,2,304,-0.1698,8.4769,0.12222
2000305,2,305,-0.1704,8.485,0.12223
2000306,2,306,-0.171,8.4931,0.12224
2000307,2,307,-0.1716,8.5011,0.12225
2000308,2,308,-0.1722,8.5092,0.12226
2000309,2,309,-0.1728,8.5172,0.12227
2000310,2,310,-0.1734,8.5252,0.12227
2000311,2,311,-0.174,8.5332,0.12228
2000312,2,312,-0.1745,8.5411,0.12229
2000313,2,313,-0.1751,8.5491,0.1223
2000314,2,314,-0.1757,8.557,0.12231
2000315,2,315,-0.1763,8.565,0.12231
2000316,2,316,-0.1768,8.5729,0.12232
2000317,2,317,-0.1774,8.5808,0.12233
2000318,2,318,-0.178,8.5887,0.12234
2000319,2,319,-0.1785,8.5965,0.12235
2000320,2,320,-0.1791,8.6044,0.12235
2000321,2,321,-0.1797,8.6122,0.12236
2000322,2,322,-0.1802,8.6201,0.12237
2000323,2,323,-0.1808,8.6279,0.12238
2000324,2,324,-0.1813,8.6357,0.12239
2000325,2,325,-0.1819,8.6435,0.12239
2000326,2,326,-0.1824,8.6512,0.1224
2000327,2,327,-0.183,8.659,0.12241
2000328,2,328,-0.1835,8.6667,0.12242
2000329,2,329,-0.1841,8.6745,0.12243
2000330,2,330,-0.1846,8.6822,0.12243
2000331,2,331,-0.1851,8.6899,0.12244
2000332,2,332,-0.1857,8.6976,0.12245
2000333,2,333,-0.1862,8.7053,0.12246
2000334,2,334,-0.1867,8.713,0.12246
2000335,2,335,-0.1873,8.7207,0.12247
2000336,2,336,-0.1878,8.7283,0.12248
2000337,2,337,-0.1883,8.736,0.12249
2000338,2,338,-0.1889,8.7436,0.12249
2000339,2,339,-0.1894,8.7512,0.1225
2000340,2,340,-0.1899,8.7588,0.12251
2000341,2,341,-0.1904,8.7664,0.12252
2000342,2,342,-0.1909,8.774,0.12252
2000343,2,343,-0.1914,8.7816,0.12253
2000344,2,344,-0.192,8.7892,0.12254
2000345,2,345,-0.1925,8.7968,0.12254
2000346,2,346,-0.193,8.8043,0.12255
2000347,2,347,-0.1935,8.8119,0.12256
2000348,2,348,-0.194,8.8194,0.12256
2000349,2,349,-0.1945,8.8269,0.12257
2000350,2,350,-0.195,8.8344,0.12258
2000351,2,351,-0.1955,8.842,0.12259
2000352,2,352,-0.196,8.8495,0.12259
2000353,2,353,-0.1965,8.8569,0.1226
2000354,2,354,-0.197,8.8644,0.12261
2000355,2,355,-0.1974,8.8719,0.12261
2000356,2,356,-0.1979,8.8794,0.12262
2000357,2,357,-0.1984,8.8868,0.12262
2000358,2,358,-0.1989,8.8943,0.12263
2000359,2,359,-0.1994,8.9017,0.12264
2000360,2,360,-0.1999,8.9092,0.12264
2000361,2,361,-0.2003,8.9166,0.12265
2000362,2,362,-0.2008,8.924,0.12266
2000363,2,363,-0.2013,8.9314,0.12266
2000364,2,364,-0.2018,8.9388,0.12267
2000365,2,365,-0.2022,8.9462,0.12267
2000366,2,366,-0.2027,8.9536,0.12268
2000367,2,367,-0.2032,8.961,0.12269
2000368,2,368,-0.2036,8.9684,0.12269
2000369,2,369,-0.2041,8.9757,0.1227
2000370,2,370,-0.2046,8.9831,0.1227
2000371,2,371,-0.205,8.9904,0.12271
2000372,2,372,-0.2055,8.9978,0.12272
2000373,2,373,-0.2059,9.0051,0.12272
2000374,2,374,-0.2064,9.0125,0.12273
2000375,2,375,-0.2068,9.0198,0.12273
2000376,2,376,-0.2073,9.0271,0.12274
2000377,2,377,-0.2077,9.0344,0.12274
2000378,2,378,-0.2082,9.0417,0.12275
2000379,2,379,-0.2086,9.049,0.12275
2000380,2,380,-0.2091,9.0563,0.12276
2000381,2,381,-0.2095,9.0636,0.12276
2000382,2,382,-0.21,9.0709,0.12277
2000383,2,383,-0.2104,9.0782,0.12277
2000384,2,384,-0.2108,9.0854,0.12278
2000385,2,385,-0.2113,9.0927,0.12278
2000386,2,386,-0.2117,9.0999,0.12279
2000387,2,387,-0.2121,9.1072,0.12279
2000388,2,388,-0.2126,9.1144,0.1228
2000389,2,389,-0.213,9.1217,0.1228
2000390,2,390,-0.2134,9.1289,0.12281
2000391,2,391,-0.2139,9.1361,0.12281
2000392,2,392,-0.2143,9.1434,0.12282
2000393,2,393,-0.2147,9.1506,0.12282
2000394,2,394,-0.2151,9.1578,0.12282
2000395,2,395,-0.2155,9.165,0.12283
2000396,2,396,-0.216,9.1722,0.12283
2000397,2,397,-0.2164,9.1794,0.12284
2000398,2,398,-0.2168,9.1866,0.12284
2000399,2,399,-0.2172,9.1938,0.12285
2000400,2,400,-0.2176,9.2009,0.12285
2000401,2,401,-0.218,9.2081,0.12285
2000402,2,402,-0.2184,9.2153,0.12286
2000403,2,403,-0.2188,9.2225,0.12286
2000404,2,404,-0.2192,9.2296,0.12287
2000405,2,405,-0.2196,9.2368,0.12287
2000406,2,406,-0.22,9.2439,0.12287
2000407,2,407,-0.2204,9.2511,0.12288
2000408,2,408,-0.2208,9.2582,0.12288
2000409,2,409,-0.2212,9.2654,0.12288
2000410,2,410,-0.2216,9.2725,0.12289
2000411,2,411,-0.222,9.2796,0.12289
2000412,2,412,-0.2224,9.2867,0.12289
2000413,2,413,-0.2228,9.2939,0.1229
2000414,2,414,-0.2232,9.301,0.1229
2000415,2,415,-0.2236,9.3081,0.1229
2000416,2,416,-0.224,9.3152,0.12291
2000417,2,417,-0.2243,9.3223,0.12291
2000418,2,418,-0.2247,9.3294,0.12291
2000419,2,419,-0.2251,9.3365,0.12292
2000420,2,420,-0.2255,9.3436,0.12292
2000421,2,421,-0.2259,9.3507,0.12292
2000422,2,422,-0.2262,9.3578,0.12292
2000423,2,423,-0.2266,9.3649,0.12293
2000424,2,424,-0.227,9.372,0.12293
2000425,2,425,-0.2274,9.379,0.12293
2000426,2,426,-0.2277,9.3861,0.12294
2000427,2,427,-0.2281,9.3932,0.12294
2000428,2,428,-0.2285,9.4002,0.12294
2000429,2,429,-0.2288,9.4073,0.12294
2000430,2,430,-0.2292,9.4144,0.12295
2000431,2,431,-0.2296,9.4214,0.12295
2000432,2,432,-0.2299,9.4285,0.12295
2000433,2,433,-0.2303,9.4355,0.12295
2000434,2,434,-0.2307,9.4426,0.12295
2000435,2,435,-0.231,9.4496,0.12296
2000436,2,436,-0.2314,9.4567,0.12296
2000437,2,437,-0.2317,9.4637,0.12296
2000438,2,438,-0.2321,9.4707,0.12296
2000439,2,439,-0.2324,9.4778,0.12296
2000440,2,440,-0.2328,9.4848,0.12297
2000441,2,441,-0.2331,9.4918,0.12297
2000442,2,442,-0.2335,9.4988,0.12297
2000443,2,443,-0.2338,9.5058,0.12297
2000444,2,444,-0.2342,9.5129,0.12297
2000445,2,445,-0.2345,9.5199,0.12298
2000446,2,446,-0.2349,9.5269,0.12298
2000447,2,447,-0.2352,9.5339,0.12298
2000448,2,448,-0.2355,9.5409,0.12298
2000449,2,449,-0.2359,9.5479,0.12298
2000450,2,450,-0.2362,9.5549,0.12298
2000451,2,451,-0.2366,9.5619,0.12299
2000452,2,452,-0.2369,9.5689,0.12299
2000453,2,453,-0.2372,9.5759,0.12299
2000454,2,454,-0.2376,9.5829,0.12299
2000455,2,455,-0.2379,9.5898,0.12299
2000456,2,456,-0.2382,9.5968,0.12299
2000457,2,457,-0.2385,9.6038,0.12299
2000458,2,458,-0.2389,9.6108,0.123
2000459,2,459,-0.2392,9.6178,0.123
2000460,2,460,-0.2395,9.6247,0.123
2000461,2,461,-0.2398,9.6317,0.123
2000462,2,462,-0.2402,9.6387,0.123
2000463,2,463,-0.2405,9.6457,0.123
2000464,2,464,-0.2408,9.6526,0.123
2000465,2,465,-0.2411,9.6596,0.123
2000466,2,466,-0.2414,9.6665,0.12301
2000467,2,467,-0.2418,9.6735,0.12301
2000468,2,468,-0.2421,9.6805,0.12301
2000469,2,469,-0.2424,9.6874,0.12301
2000470,2,470,-0.2427,9.6944,0.12301
2000471,2,471,-0.243,9.7013,0.12301
2000472,2,472,-0.2433,9.7083,0.12301
2000473,2,473,-0.2436,9.7152,0.12301
2000474,2,474,-0.2439,9.7222,0.12301
2000475,2,475,-0.2442,9.7291,0.12302
2000476,2,476,-0.2446,9.7361,0.12302
2000477,2,477,-0.2449,9.743,0.12302
2000478,2,478,-0.2452,9.75,0.12302
2000479,2,479,-0.2455,9.7569,0.12302
2000480,2,480,-0.2458,9.7638,0.12302
2000481,2,481,-0.2461,9.7708,0.12302
2000482,2,482,-0.2464,9.7777,0.12302
2000483,2,483,-0.2467,9.7846,0.12302
2000484,2,484,-0.247,9.7916,0.12302
2000485,2,485,-0.2472,9.7985,0.12303
2000486,2,486,-0.2475,9.8054,0.12303
2000487,2,487,-0.2478,9.8124,0.12303
2000488,2,488,-0.2481,9.8193,0.12303
2000489,2,489,-0.2484,9.8262,0.12303
2000490,2,490,-0.2487,9.8331,0.12303
2000491,2,491,-0.249,9.8401,0.12303
2000492,2,492,-0.2493,9.847,0.12303
2000493,2,493,-0.2496,9.8539,0.12303
2000494,2,494,-0.2499,9.8608,0.12303
2000495,2,495,-0.2501,9.8677,0.12303
2000496,2,496,-0.2504,9.8746,0.12304
2000497,2,497,-0.2507,9.8816,0.12304
2000498,2,498,-0.251,9.8885,0.12304
2000499,2,499,-0.2513,9.8954,0.12304
2000500,2,500,-0.2515,9.9023,0.12304
2000501,2,501,-0.2518,9.9092,0.12304
2000502,2,502,-0.2521,9.9161,0.12304
2000503,2,503,-0.2524,9.923,0.12304
2000504,2,504,-0.2526,9.9299,0.12304
2000505,2,505,-0.2529,9.9368,0.12304
2000506,2,506,-0.2532,9.9437,0.12304
2000507,2,507,-0.2535,9.9506,0.12305
2000508,2,508,-0.2537,9.9575,0.12305
2000509,2,509,-0.254,9.9644,0.12305
2000510,2,510,-0.2543,9.9713,0.12305
2000511,2,511,-0.2545,9.9782,0.12305
2000512,2,512,-0.2548,9.9851,0.12305
2000513,2,513,-0.2551,9.992,0.12305
2000514,2,514,-0.2553,9.9989,0.12305
2000515,2,515,-0.2556,10.0058,0.12305
2000516,2,516,-0.2558,10.0127,0.12305
2000517,2,517,-0.2561,10.0196,0.12305
2000518,2,518,-0.2564,10.0265,0.12306
2000519,2,519,-0.2566,10.0334,0.12306
2000520,2,520,-0.2569,10.0402,0.12306
2000521,2,521,-0.2571,10.0471,0.12306
2000522,2,522,-0.2574,10.054,0.12306
2000523,2,523,-0.2577,10.0609,0.12306
2000524,2,524,-0.2579,10.0678,0.12306
2000525,2,525,-0.2582,10.0746,0.12306
2000526,2,526,-0.2584,10.0815,0.12306
2000527,2,527,-0.2587,10.0884,0.12307
2000528,2,528,-0.2589,10.0953,0.12307
2000529,2,529,-0.2592,10.1021,0.12307
2000530,2,530,-0.2594,10.109,0.12307
2000531,2,531,-0.2597,10.1159,0.12307
2000532,2,532,-0.2599,10.1227,0.12307
2000533,2,533,-0.2601,10.1296,0.12307
2000534,2,534,-0.2604,10.1365,0.12307
2000535,2,535,-0.2606,10.1433,0.12308
2000536,2,536,-0.2609,10.1502,0.12308
2000537,2,537,-0.2611,10.157,0.12308
2000538,2,538,-0.2614,10.1639,0.12308
2000539,2,539,-0.2616,10.1707,0.12308
2000540,2,540,-0.2618,10.1776,0.12308
2000541,2,541,-0.2621,10.1845,0.12308
2000542,2,542,-0.2623,10.1913,0.12309
2000543,2,543,-0.2625,10.1982,0.12309
2000544,2,544,-0.2628,10.205,0.12309
2000545,2,545,-0.263,10.2119,0.12309
2000546,2,546,-0.2632,10.2187,0.12309
2000547,2,547,-0.2635,10.2255,0.12309
2000548,2,548,-0.2637,10.2324,0.12309
2000549,2,549,-0.2639,10.2392,0.1231
2000550,2,550,-0.2642,10.2461,0.1231
2000551,2,551,-0.2644,10.2529,0.1231
2000552,2,552,-0.2646,10.2597,0.1231
2000553,2,553,-0.2649,10.2666,0.1231
2000554,2,554,-0.2651,10.2734,0.1231
2000555,2,555,-0.2653,10.2803,0.12311
2000556,2,556,-0.2655,10.2871,0.12311
2000557,2,557,-0.2658,10.2939,0.12311
2000558,2,558,-0.266,10.3008,0.12311
2000559,2,559,-0.2662,10.3076,0.12311
2000560,2,560,-0.2664,10.3144,0.12311
2000561,2,561,-0.2666,10.3213,0.12312
2000562,2,562,-0.2669,10.3281,0.12312
2000563,2,563,-0.2671,10.3349,0.12312
2000564,2,564,-0.2673,10.3417,0.12312
2000565,2,565,-0.2675,10.3486,0.12312
2000566,2,566,-0.2677,10.3554,0.12313
2000567,2,567,-0.2679,10.3622,0.12313
2000568,2,568,-0.2682,10.369,0.12313
2000569,2,569,-0.2684,10.3759,0.12313
2000570,2,570,-0.2686,10.3827,0.12313
2000571,2,571,-0.2688,10.3895,0.12314
2000572,2,572,-0.269,10.3963,0.12314
2000573,2,573,-0.2692,10.4031,0.12314
2000574,2,574,-0.2694,10.41,0.12314
2000575,2,575,-0.2696,10.4168,0.12314
2000576,2,576,-0.2698,10.4236,0.12315
2000577,2,577,-0.27,10.4304,0.12315
2000578,2,578,-0.2702,10.4372,0.12315
2000579,2,579,-0.2705,10.444,0.12315
2000580,2,580,-0.2707,10.4508,0.12316
2000581,2,581,-0.2709,10.4577,0.12316
2000582,2,582,-0.2711,10.4645,0.12316
2000583,2,583,-0.2713,10.4713,0.12316
2000584,2,584,-0.2715,10.4781,0.12316
2000585,2,585,-0.2717,10.4849,0.12317
2000586,2,586,-0.2719,10.4917,0.12317
2000587,2,587,-0.2721,10.4985,0.12317
2000588,2,588,-0.2723,10.5053,0.12317
2000589,2,589,-0.2725,10.5121,0.12318
2000590,2,590,-0.2727,10.5189,0.12318
2000591,2,591,-0.2729,10.5257,0.12318
2000592,2,592,-0.273,10.5325,0.12319
2000593,2,593,-0.2732,10.5393,0.12319
2000594,2,594,-0.2734,10.5461,0.12319
2000595,2,595,-0.2736,10.5529,0.12319
2000596,2,596,-0.2738,10.5597,0.1232
2000597,2,597,-0.274,10.5665,0.1232
2000598,2,598,-0.2742,10.5733,0.1232
2000599,2,599,-0.2744,10.5801,0.1232
2000600,2,600,-0.2746,10.5869,0.12321
2000601,2,601,-0.2748,10.5937,0.12321
2000602,2,602,-0.275,10.6005,0.12321
2000603,2,603,-0.2751,10.6073,0.12322
2000604,2,604,-0.2753,10.6141,0.12322
2000605,2,605,-0.2755,10.6209,0.12322
2000606,2,606,-0.2757,10.6277,0.12323
2000607,2,607,-0.2759,10.6345,0.12323
2000608,2,608,-0.2761,10.6413,0.12323
2000609,2,609,-0.2763,10.6481,0.12324
2000610,2,610,-0.2764,10.6549,0.12324
2000611,2,611,-0.2766,10.6617,0.12324
2000612,2,612,-0.2768,10.6685,0.12325
2000613,2,613,-0.277,10.6753,0.12325
2000614,2,614,-0.2772,10.6821,0.12325
2000615,2,615,-0.2773,10.6889,0.12326
2000616,2,616,-0.2775,10.6957,0.12326
2000617,2,617,-0.2777,10.7025,0.12326
2000618,2,618,-0.2779,10.7093,0.12327
2000619,2,619,-0.278,10.7161,0.12327
2000620,2,620,-0.2782,10.7229,0.12327
2000621,2,621,-0.2784,10.7297,0.12328
2000622,2,622,-0.2786,10.7365,0.12328
2000623,2,623,-0.2787,10.7433,0.12328
2000624,2,624,-0.2789,10.7501,0.12329
2000625,2,625,-0.2791,10.7569,0.12329
2000626,2,626,-0.2793,10.7637,0.1233
2000627,2,627,-0.2794,10.7705,0.1233
2000628,2,628,-0.2796,10.7773,0.1233
2000629,2,629,-0.2798,10.7841,0.12331
2000630,2,630,-0.2799,10.7909,0.12331
2000631,2,631,-0.2801,10.7977,0.12332
2000632,2,632,-0.2803,10.8045,0.12332
2000633,2,633,-0.2804,10.8113,0.12332
2000634,2,634,-0.2806,10.8181,0.12333
2000635,2,635,-0.2808,10.8249,0.12333
2000636,2,636,-0.2809,10.8317,0.12334
2000637,2,637,-0.2811,10.8385,0.12334
2000638,2,638,-0.2813,10.8453,0.12335
2000639,2,639,-0.2814,10.8521,0.12335
2000640,2,640,-0.2816,10.8589,0.12336
2000641,2,641,-0.2818,10.8657,0.12336
2000642,2,642,-0.2819,10.8725,0.12336
2000643,2,643,-0.2821,10.8793,0.12337
2000644,2,644,-0.2822,10.8861,0.12337
2000645,2,645,-0.2824,10.8929,0.12338
2000646,2,646,-0.2826,10.8997,0.12338
2000647,2,647,-0.2827,10.9065,0.12339
2000648,2,648,-0.2829,10.9133,0.12339
2000649,2,649,-0.283,10.9202,0.1234
2000650,2,650,-0.2832,10.927,0.1234
2000651,2,651,-0.2834,10.9338,0.12341
2000652,2,652,-0.2835,10.9406,0.12341
2000653,2,653,-0.2837,10.9474,0.12342
2000654,2,654,-0.2838,10.9542,0.12342
2000655,2,655,-0.284,10.961,0.12343
2000656,2,656,-0.2841,10.9679,0.12343
2000657,2,657,-0.2843,10.9747,0.12344
2000658,2,658,-0.2844,10.9815,0.12344
2000659,2,659,-0.2846,10.9883,0.12345
2000660,2,660,-0.2847,10.9951,0.12345
2000661,2,661,-0.2849,11.0019,0.12346
2000662,2,662,-0.285,11.0088,0.12346
2000663,2,663,-0.2852,11.0156,0.12347
2000664,2,664,-0.2853,11.0224,0.12347
2000665,2,665,-0.2855,11.0292,0.12348
2000666,2,666,-0.2856,11.036,0.12348
2000667,2,667,-0.2858,11.0429,0.12349
2000668,2,668,-0.2859,11.0497,0.1235
2000669,2,669,-0.2861,11.0565,0.1235
2000670,2,670,-0.2862,11.0633,0.12351
2000671,2,671,-0.2864,11.0702,0.12351
2000672,2,672,-0.2865,11.077,0.12352
2000673,2,673,-0.2866,11.0838,0.12352
2000674,2,674,-0.2868,11.0906,0.12353
2000675,2,675,-0.2869,11.0975,0.12353
2000676,2,676,-0.2871,11.1043,0.12354
2000677,2,677,-0.2872,11.1111,0.12355
2000678,2,678,-0.2874,11.118,0.12355
2000679,2,679,-0.2875,11.1248,0.12356
2000680,2,680,-0.2876,11.1316,0.12356
2000681,2,681,-0.2878,11.1384,0.12357
2000682,2,682,-0.2879,11.1453,0.12358
2000683,2,683,-0.2881,11.1521,0.12358
2000684,2,684,-0.2882,11.1589,0.12359
2000685,2,685,-0.2883,11.1658,0.12359
2000686,2,686,-0.2885,11.1726,0.1236
2000687,2,687,-0.2886,11.1795,0.12361
2000688,2,688,-0.2887,11.1863,0.12361
2000689,2,689,-0.2889,11.1931,0.12362
2000690,2,690,-0.289,11.2,0.12362
2000691,2,691,-0.2891,11.2068,0.12363
2000692,2,692,-0.2893,11.2137,0.12364
2000693,2,693,-0.2894,11.2205,0.12364
2000694,2,694,-0.2895,11.2273,0.12365
2000695,2,695,-0.2897,11.2342,0.12366
2000696,2,696,-0.2898,11.241,0.12366
2000697,2,697,-0.2899,11.2479,0.12367
2000698,2,698,-0.2901,11.2547,0.12367
2000699,2,699,-0.2902,11.2616,0.12368
2000700,2,700,-0.2903,11.2684,0.12369
2000701,2,701,-0.2905,11.2753,0.12369
2000702,2,702,-0.2906,11.2821,0.1237
2000703,2,703,-0.2907,11.2889,0.12371
2000704,2,704,-0.2909,11.2958,0.12371
2000705,2,705,-0.291,11.3026,0.12372
2000706,2,706,-0.2911,11.3095,0.12373
2000707,2,707,-0.2912,11.3163,0.12373
2000708,2,708,-0.2914,11.3232,0.12374
2000709,2,709,-0.2915,11.33,0.12375
2000710,2,710,-0.2916,11.3369,0.12375
2000711,2,711,-0.2917,11.3438,0.12376
2000712,2,712,-0.2919,11.3506,0.12377
2000713,2,713,-0.292,11.3575,0.12377
2000714,2,714,-0.2921,11.3643,0.12378
2000715,2,715,-0.2922,11.3712,0.12379
2000716,2,716,-0.2924,11.378,0.12379
2000717,2,717,-0.2925,11.3849,0.1238
2000718,2,718,-0.2926,11.3917,0.12381
2000719,2,719,-0.2927,11.3986,0.12382
2000720,2,720,-0.2928,11.4055,0.12382
2000721,2,721,-0.293,11.4123,0.12383
2000722,2,722,-0.2931,11.4192,0.12384
2000723,2,723,-0.2932,11.426,0.12384
2000724,2,724,-0.2933,11.4329,0.12385
2000725,2,725,-0.2934,11.4397,0.12386
2000726,2,726,-0.2936,11.4466,0.12387
2000727,2,727,-0.2937,11.4535,0.12387
2000728,2,728,-0.2938,11.4603,0.12388
2000729,2,729,-0.2939,11.4672,0.12389
2000730,2,730,-0.294,11.4741,0.12389
2000731,2,731,-0.2942,11.4809,0.1239
2000732,2,732,-0.2943,11.4878,0.12391
2000733,2,733,-0.2944,11.4946,0.12392
2000734,2,734,-0.2945,11.5015,0.12392
2000735,2,735,-0.2946,11.5084,0.12393
2000736,2,736,-0.2947,11.5152,0.12394
2000737,2,737,-0.2948,11.5221,0.12395
2000738,2,738,-0.295,11.529,0.12395
2000739,2,739,-0.2951,11.5358,0.12396
2000740,2,740,-0.2952,11.5427,0.12397
2000741,2,741,-0.2953,11.5496,0.12398
2000742,2,742,-0.2954,11.5564,0.12399
2000743,2,743,-0.2955,11.5633,0.12399
2000744,2,744,-0.2956,11.5702,0.124
2000745,2,745,-0.2957,11.577,0.12401
2000746,2,746,-0.2959,11.5839,0.12402
2000747,2,747,-0.296,11.5907,0.12402
2000748,2,748,-0.2961,11.5976,0.12403
2000749,2,749,-0.2962,11.6045,0.12404
2000750,2,750,-0.2963,11.6113,0.12405
2000751,2,751,-0.2964,11.6182,0.12406
2000752,2,752,-0.2965,11.6251,0.12406
2000753,2,753,-0.2966,11.6319,0.12407
2000754,2,754,-0.2967,11.6388,0.12408
2000755,2,755,-0.2968,11.6456,0.12409
2000756,2,756,-0.2969,11.6525,0.1241
2000757,2,757,-0.297,11.6594,0.1241
2000758,2,758,-0.2972,11.6662,0.12411
2000759,2,759,-0.2973,11.6731,0.12412
2000760,2,760,-0.2974,11.6799,0.12413
2000761,2,761,-0.2975,11.6868,0.12414
2000762,2,762,-0.2976,11.6937,0.12415
2000763,2,763,-0.2977,11.7005,0.12415
2000764,2,764,-0.2978,11.7074,0.12416
2000765,2,765,-0.2979,11.7142,0.12417
2000766,2,766,-0.298,11.7211,0.12418
2000767,2,767,-0.2981,11.7279,0.12419
2000768,2,768,-0.2982,11.7348,0.1242
2000769,2,769,-0.2983,11.7416,0.12421
2000770,2,770,-0.2984,11.7485,0.12421
2000771,2,771,-0.2985,11.7553,0.12422
2000772,2,772,-0.2986,11.7622,0.12423
2000773,2,773,-0.2987,11.769,0.12424
2000774,2,774,-0.2988,11.7759,0.12425
2000775,2,775,-0.2989,11.7827,0.12426
2000776,2,776,-0.299,11.7896,0.12427
2000777,2,777,-0.2991,11.7964,0.12428
2000778,2,778,-0.2992,11.8033,0.12429
2000779,2,779,-0.2993,11.8101,0.12429
2000780,2,780,-0.2994,11.817,0.1243
2000781,2,781,-0.2995,11.8238,0.12431
2000782,2,782,-0.2996,11.8307,0.12432
2000783,2,783,-0.2997,11.8375,0.12433
2000784,2,784,-0.2998,11.8443,0.12434
2000785,2,785,-0.2999,11.8512,0.12435
2000786,2,786,-0.3,11.858,0.12436
2000787,2,787,-0.3001,11.8648,0.12437
2000788,2,788,-0.3002,11.8717,0.12438
2000789,2,789,-0.3003,11.8785,0.12439
2000790,2,790,-0.3004,11.8853,0.1244
2000791,2,791,-0.3005,11.8922,0.12441
2000792,2,792,-0.3006,11.899,0.12441
2000793,2,793,-0.3007,11.9058,0.12442
2000794,2,794,-0.3007,11.9126,0.12443
2000795,2,795,-0.3008,11.9194,0.12444
2000796,2,796,-0.3009,11.9263,0.12445
2000797,2,797,-0.301,11.9331,0.12446
2000798,2,798,-0.3011,11.9399,0.12447
2000799,2,799,-0.3012,11.9467,0.12448
2000800,2,800,-0.3013,11.9535,0.12449
2000801,2,801,-0.3014,11.9603,0.1245
2000802,2,802,-0.3015,11.9671,0.12451
2000803,2,803,-0.3016,11.9739,0.12452
2000804,2,804,-0.3017,11.9808,0.12453
2000805,2,805,-0.3018,11.9876,0.12454
2000806,2,806,-0.3019,11.9944,0.12455
2000807,2,807,-0.3019,12.0011,0.12456
2000808,2,808,-0.302,12.0079,0.12457
2000809,2,809,-0.3021,12.0147,0.12458
2000810,2,810,-0.3022,12.0215,0.12459
2000811,2,811,-0.3023,12.0283,0.1246
2000812,2,812,-0.3024,12.0351,0.12461
2000813,2,813,-0.3025,12.0419,0.12462
2000814,2,814,-0.3026,12.0487,0.12463
2000815,2,815,-0.3027,12.0554,0.12465
2000816,2,816,-0.3027,12.0622,0.12466
2000817,2,817,-0.3028,12.069,0.12467
2000818,2,818,-0.3029,12.0758,0.12468
2000819,2,819,-0.303,12.0825,0.12469
2000820,2,820,-0.3031,12.0893,0.1247
2000821,2,821,-0.3032,12.0961,0.12471
2000822,2,822,-0.3033,12.1028,0.12472
2000823,2,823,-0.3033,12.1096,0.12473
2000824,2,824,-0.3034,12.1163,0.12474
2000825,2,825,-0.3035,12.1231,0.12475
2000826,2,826,-0.3036,12.1298,0.12476
2000827,2,827,-0.3037,12.1366,0.12477
2000828,2,828,-0.3038,12.1433,0.12479
2000829,2,829,-0.3039,12.15,0.1248
2000830,2,830,-0.3039,12.1568,0.12481
2000831,2,831,-0.304,12.1635,0.12482
2000832,2,832,-0.3041,12.1702,0.12483
2000833,2,833,-0.3042,12.177,0.12484
2000834,2,834,-0.3043,12.1837,0.12485
2000835,2,835,-0.3044,12.1904,0.12486
2000836,2,836,-0.3044,12.1971,0.12487
2000837,2,837,-0.3045,12.2039,0.12489
2000838,2,838,-0.3046,12.2106,0.1249
2000839,2,839,-0.3047,12.2173,0.12491
2000840,2,840,-0.3048,12.224,0.12492
2000841,2,841,-0.3048,12.2307,0.12493
2000842,2,842,-0.3049,12.2374,0.12494
2000843,2,843,-0.305,12.2441,0.12495
2000844,2,844,-0.3051,12.2508,0.12497
2000845,2,845,-0.3052,12.2575,0.12498
2000846,2,846,-0.3052,12.2642,0.12499
2000847,2,847,-0.3053,12.2709,0.125
2000848,2,848,-0.3054,12.2775,0.12501
2000849,2,849,-0.3055,12.2842,0.12503
2000850,2,850,-0.3056,12.2909,0.12504
2000851,2,851,-0.3056,12.2976,0.12505
2000852,2,852,-0.3057,12.3042,0.12506
2000853,2,853,-0.3058,12.3109,0.12507
2000854,2,854,-0.3059,12.3176,0.12509
2000855,2,855,-0.3059,12.3242,0.1251
2000856,2,856,-0.306,12.3309,0.12511
2000857,2,857,-0.3061,12.3375,0.12512
2000858,2,858,-0.3062,12.3442,0.12513
2000859,2,859,-0.3063,12.3508,0.12515
2000860,2,860,-0.3063,12.3575,0.12516
2000861,2,861,-0.3064,12.3641,0.12517
2000862,2,862,-0.3065,12.3707,0.12518
2000863,2,863,-0.3066,12.3774,0.1252
2000864,2,864,-0.3066,12.384,0.12521
2000865,2,865,-0.3067,12.3906,0.12522
2000866,2,866,-0.3068,12.3973,0.12523
2000867,2,867,-0.3069,12.4039,0.12525
2000868,2,868,-0.3069,12.4105,0.12526
2000869,2,869,-0.307,12.4171,0.12527
2000870,2,870,-0.3071,12.4237,0.12528
2000871,2,871,-0.3072,12.4303,0.1253
2000872,2,872,-0.3072,12.4369,0.12531
2000873,2,873,-0.3073,12.4435,0.12532
2000874,2,874,-0.3074,12.4501,0.12533
2000875,2,875,-0.3074,12.4567,0.12535
2000876,2,876,-0.3075,12.4633,0.12536
2000877,2,877,-0.3076,12.4699,0.12537
2000878,2,878,-0.3077,12.4765,0.12539
2000879,2,879,-0.3077,12.4831,0.1254
2000880,2,880,-0.3078,12.4896,0.12541
2000881,2,881,-0.3079,12.4962,0.12543
2000882,2,882,-0.308,12.5028,0.12544
2000883,2,883,-0.308,12.5093,0.12545
2000884,2,884,-0.3081,12.5159,0.12547
2000885,2,885,-0.3082,12.5225,0.12548
2000886,2,886,-0.3082,12.529,0.12549
2000887,2,887,-0.3083,12.5356,0.12551
2000888,2,888,-0.3084,12.5421,0.12552
2000889,2,889,-0.3085,12.5487,0.12553
2000890,2,890,-0.3085,12.5552,0.12555
2000891,2,891,-0.3086,12.5617,0.12556
2000892,2,892,-0.3087,12.5683,0.12557
2000893,2,893,-0.3087,12.5748,0.12559
2000894,2,894,-0.3088,12.5813,0.1256
2000895,2,895,-0.3089,12.5879,0.12561
2000896,2,896,-0.3089,12.5944,0.12563
2000897,2,897,-0.309,12.6009,0.12564
2000898,2,898,-0.3091,12.6074,0.12566
2000899,2,899,-0.3091,12.6139,0.12567
2000900,2,900,-0.3092,12.6204,0.12568
2000901,2,901,-0.3093,12.6269,0.1257
2000902,2,902,-0.3093,12.6334,0.12571
2000903,2,903,-0.3094,12.6399,0.12573
2000904,2,904,-0.3095,12.6464,0.12574
2000905,2,905,-0.3095,12.6529,0.12575
2000906,2,906,-0.3096,12.6594,0.12577
2000907,2,907,-0.3097,12.6659,0.12578
2000908,2,908,-0.3097,12.6723,0.1258
2000909,2,909,-0.3098,12.6788,0.12581
2000910,2,910,-0.3099,12.6853,0.12583
2000911,2,911,-0.3099,12.6918,0.12584
2000912,2,912,-0.31,12.6982,0.12585
2000913,2,913,-0.3101,12.7047,0.12587
2000914,2,914,-0.3101,12.7111,0.12588
2000915,2,915,-0.3102,12.7176,0.1259
2000916,2,916,-0.3103,12.724,0.12591
2000917,2,917,-0.3103,12.7305,0.12593
2000918,2,918,-0.3104,12.7369,0.12594
2000919,2,919,-0.3105,12.7434,0.12596
2000920,2,920,-0.3105,12.7498,0.12597
2000921,2,921,-0.3106,12.7563,0.12599
2000922,2,922,-0.3107,12.7627,0.126
2000923,2,923,-0.3107,12.7691,0.12602
2000924,2,924,-0.3108,12.7755,0.12603
2000925,2,925,-0.3109,12.782,0.12605
2000926,2,926,-0.3109,12.7884,0.12606
2000927,2,927,-0.311,12.7948,0.12608
2000928,2,928,-0.311,12.8012,0.12609
2000929,2,929,-0.3111,12.8076,0.12611
2000930,2,930,-0.3112,12.814,0.12612
2000931,2,931,-0.3112,12.8204,0.12614
2000932,2,932,-0.3113,12.8268,0.12615
2000933,2,933,-0.3114,12.8332,0.12617
2000934,2,934,-0.3114,12.8396,0.12618
2000935,2,935,-0.3115,12.846,0.1262
2000936,2,936,-0.3116,12.8524,0.12621
2000937,2,937,-0.3116,12.8588,0.12623
2000938,2,938,-0.3117,12.8651,0.12625
2000939,2,939,-0.3117,12.8715,0.12626
2000940,2,940,-0.3118,12.8779,0.12628
2000941,2,941,-0.3119,12.8843,0.12629
2000942,2,942,-0.3119,12.8906,0.12631
2000943,2,943,-0.312,12.897,0.12632
2000944,2,944,-0.312,12.9033,0.12634
2000945,2,945,-0.3121,12.9097,0.12636
2000946,2,946,-0.3122,12.9161,0.12637
2000947,2,947,-0.3122,12.9224,0.12639
2000948,2,948,-0.3123,12.9288,0.1264
2000949,2,949,-0.3123,12.9351,0.12642
2000950,2,950,-0.3124,12.9415,0.12644
2000951,2,951,-0.3125,12.9478,0.12645
2000952,2,952,-0.3125,12.9541,0.12647
2000953,2,953,-0.3126,12.9605,0.12648
2000954,2,954,-0.3126,12.9668,0.1265
2000955,2,955,-0.3127,12.9732,0.12652
2000956,2,956,-0.3128,12.9795,0.12653
2000957,2,957,-0.3128,12.9858,0.12655
2000958,2,958,-0.3129,12.9921,0.12656
2000959,2,959,-0.3129,12.9985,0.12658
2000960,2,960,-0.313,13.0048,0.1266
2000961,2,961,-0.3131,13.0111,0.12661
2000962,2,962,-0.3131,13.0174,0.12663
2000963,2,963,-0.3132,13.0237,0.12665
2000964,2,964,-0.3132,13.03,0.12666
2000965,2,965,-0.3133,13.0363,0.12668
2000966,2,966,-0.3134,13.0427,0.1267
2000967,2,967,-0.3134,13.049,0.12671
2000968,2,968,-0.3135,13.0553,0.12673
2000969,2,969,-0.3135,13.0616,0.12675
2000970,2,970,-0.3136,13.0679,0.12676
2000971,2,971,-0.3136,13.0742,0.12678
2000972,2,972,-0.3137,13.0804,0.1268
2000973,2,973,-0.3138,13.0867,0.12681
2000974,2,974,-0.3138,13.093,0.12683
2000975,2,975,-0.3139,13.0993,0.12685
2000976,2,976,-0.3139,13.1056,0.12687
2000977,2,977,-0.314,13.1119,0.12688
2000978,2,978,-0.314,13.1182,0.1269
2000979,2,979,-0.3141,13.1245,0.12692
2000980,2,980,-0.3142,13.1307,0.12693
2000981,2,981,-0.3142,13.137,0.12695
2000982,2,982,-0.3143,13.1433,0.12697
2000983,2,983,-0.3143,13.1496,0.12699
2000984,2,984,-0.3144,13.1558,0.127
2000985,2,985,-0.3144,13.1621,0.12702
2000986,2,986,-0.3145,13.1684,0.12704
2000987,2,987,-0.3145,13.1746,0.12706
2000988,2,988,-0.3146,13.1809,0.12707
2000989,2,989,-0.3147,13.1872,0.12709
2000990,2,990,-0.3147,13.1934,0.12711
2000991,2,991,-0.3148,13.1997,0.12713
2000992,2,992,-0.3148,13.2059,0.12714
2000993,2,993,-0.3149,13.2122,0.12716
2000994,2,994,-0.3149,13.2185,0.12718
2000995,2,995,-0.315,13.2247,0.1272
2000996,2,996,-0.315,13.231,0.12721
2000997,2,997,-0.3151,13.2372,0.12723
2000998,2,998,-0.3152,13.2435,0.12725
2000999,2,999,-0.3152,13.2497,0.12727
2001000,2,1000,-0.3153,13.256,0.12729
2001001,2,1001,-0.3153,13.2622,0.1273
2001002,2,1002,-0.3154,13.2684,0.12732
2001003,2,1003,-0.3154,13.2747,0.12734
2001004,2,1004,-0.3155,13.2809,0.12736
2001005,2,1005,-0.3155,13.2872,0.12738
2001006,2,1006,-0.3156,13.2934,0.12739
2001007,2,1007,-0.3156,13.2996,0.12741
2001008,2,1008,-0.3157,13.3059,0.12743
2001009,2,1009,-0.3158,13.3121,0.12745
2001010,2,1010,-0.3158,13.3183,0.12747
2001011,2,1011,-0.3159,13.3246,0.12749
2001012,2,1012,-0.3159,13.3308,0.1275
2001013,2,1013,-0.316,13.337,0.12752
2001014,2,1014,-0.316,13.3433,0.12754
2001015,2,1015,-0.3161,13.3495,0.12756
2001016,2,1016,-0.3161,13.3557,0.12758
2001017,2,1017,-0.3162,13.3619,0.1276
2001018,2,1018,-0.3162,13.3682,0.12762
2001019,2,1019,-0.3163,13.3744,0.12763
2001020,2,1020,-0.3163,13.3806,0.12765
2001021,2,1021,-0.3164,13.3868,0.12767
2001022,2,1022,-0.3164,13.3931,0.12769
2001023,2,1023,-0.3165,13.3993,0.12771
2001024,2,1024,-0.3165,13.4055,0.12773
2001025,2,1025,-0.3166,13.4117,0.12775
2001026,2,1026,-0.3167,13.4179,0.12777
2001027,2,1027,-0.3167,13.4242,0.12779
2001028,2,1028,-0.3168,13.4304,0.12781
2001029,2,1029,-0.3168,13.4366,0.12782
2001030,2,1030,-0.3169,13.4428,0.12784
2001031,2,1031,-0.3169,13.449,0.12786
2001032,2,1032,-0.317,13.4552,0.12788
2001033,2,1033,-0.317,13.4614,0.1279
2001034,2,1034,-0.3171,13.4677,0.12792
2001035,2,1035,-0.3171,13.4739,0.12794
2001036,2,1036,-0.3172,13.4801,0.12796
2001037,2,1037,-0.3172,13.4863,0.12798
2001038,2,1038,-0.3173,13.4925,0.128
2001039,2,1039,-0.3173,13.4987,0.12802
2001040,2,1040,-0.3174,13.5049,0.12804
2001041,2,1041,-0.3174,13.5111,0.12806
2001042,2,1042,-0.3175,13.5173,0.12808
2001043,2,1043,-0.3175,13.5235,0.1281
2001044,2,1044,-0.3176,13.5297,0.12812
2001045,2,1045,-0.3176,13.5359,0.12814
2001046,2,1046,-0.3177,13.5421,0.12816
2001047,2,1047,-0.3177,13.5483,0.12818
2001048,2,1048,-0.3178,13.5545,0.12819
2001049,2,1049,-0.3178,13.5607,0.12821
2001050,2,1050,-0.3179,13.5669,0.12823
2001051,2,1051,-0.3179,13.5731,0.12825
2001052,2,1052,-0.318,13.5793,0.12827
2001053,2,1053,-0.318,13.5855,0.12829
2001054,2,1054,-0.3181,13.5917,0.12832
2001055,2,1055,-0.3181,13.5979,0.12834
2001056,2,1056,-0.3182,13.6041,0.12836
2001057,2,1057,-0.3182,13.6103,0.12838
2001058,2,1058,-0.3183,13.6165,0.1284
2001059,2,1059,-0.3183,13.6227,0.12842
2001060,2,1060,-0.3184,13.6289,0.12844
2001061,2,1061,-0.3184,13.6351,0.12846
2001062,2,1062,-0.3185,13.6413,0.12848
2001063,2,1063,-0.3185,13.6475,0.1285
2001064,2,1064,-0.3186,13.6537,0.12852
2001065,2,1065,-0.3186,13.6599,0.12854
2001066,2,1066,-0.3187,13.6661,0.12856
2001067,2,1067,-0.3187,13.6723,0.12858
2001068,2,1068,-0.3188,13.6785,0.1286
2001069,2,1069,-0.3188,13.6847,0.12862
2001070,2,1070,-0.3189,13.6909,0.12864
2001071,2,1071,-0.3189,13.6971,0.12866
2001072,2,1072,-0.319,13.7033,0.12868
2001073,2,1073,-0.319,13.7095,0.12871
2001074,2,1074,-0.3191,13.7157,0.12873
2001075,2,1075,-0.3191,13.7218,0.12875
2001076,2,1076,-0.3192,13.728,0.12877
2001077,2,1077,-0.3192,13.7342,0.12879
2001078,2,1078,-0.3193,13.7404,0.12881
2001079,2,1079,-0.3193,13.7466,0.12883
2001080,2,1080,-0.3194,13.7528,0.12885
2001081,2,1081,-0.3194,13.759,0.12887
2001082,2,1082,-0.3195,13.7652,0.1289
2001083,2,1083,-0.3195,13.7714,0.12892
2001084,2,1084,-0.3196,13.7776,0.12894
2001085,2,1085,-0.3196,13.7838,0.12896
2001086,2,1086,-0.3197,13.7899,0.12898
2001087,2,1087,-0.3197,13.7961,0.129
2001088,2,1088,-0.3198,13.8023,0.12902
2001089,2,1089,-0.3198,13.8085,0.12905
2001090,2,1090,-0.3198,13.8147,0.12907
2001091,2,1091,-0.3199,13.8209,0.12909
2001092,2,1092,-0.3199,13.8271,0.12911
2001093,2,1093,-0.32,13.8333,0.12913
2001094,2,1094,-0.32,13.8395,0.12915
2001095,2,1095,-0.3201,13.8456,0.12918
2001096,2,1096,-0.3201,13.8518,0.1292
2001097,2,1097,-0.3202,13.858,0.12922
2001098,2,1098,-0.3202,13.8642,0.12924
2001099,2,1099,-0.3203,13.8704,0.12926
2001100,2,1100,-0.3203,13.8766,0.12929
2001101,2,1101,-0.3204,13.8828,0.12931
2001102,2,1102,-0.3204,13.8889,0.12933
2001103,2,1103,-0.3205,13.8951,0.12935
2001104,2,1104,-0.3205,13.9013,0.12937
2001105,2,1105,-0.3206,13.9075,0.1294
2001106,2,1106,-0.3206,13.9137,0.12942
2001107,2,1107,-0.3207,13.9199,0.12944
2001108,2,1108,-0.3207,13.9261,0.12946
2001109,2,1109,-0.3208,13.9322,0.12948
2001110,2,1110,-0.3208,13.9384,0.12951
2001111,2,1111,-0.3208,13.9446,0.12953
2001112,2,1112,-0.3209,13.9508,0.12955
2001113,2,1113,-0.3209,13.957,0.12957
2001114,2,1114,-0.321,13.9632,0.1296
2001115,2,1115,-0.321,13.9693,0.12962
2001116,2,1116,-0.3211,13.9755,0.12964
2001117,2,1117,-0.3211,13.9817,0.12967
2001118,2,1118,-0.3212,13.9879,0.12969
2001119,2,1119,-0.3212,13.9941,0.12971
2001120,2,1120,-0.3213,14.0003,0.12973
2001121,2,1121,-0.3213,14.0064,0.12976
2001122,2,1122,-0.3214,14.0126,0.12978
2001123,2,1123,-0.3214,14.0188,0.1298
2001124,2,1124,-0.3215,14.025,0.12982
2001125,2,1125,-0.3215,14.0312,0.12985
2001126,2,1126,-0.3216,14.0373,0.12987
2001127,2,1127,-0.3216,14.0435,0.12989
2001128,2,1128,-0.3216,14.0497,0.12992
2001129,2,1129,-0.3217,14.0559,0.12994
2001130,2,1130,-0.3217,14.0621,0.12996
2001131,2,1131,-0.3218,14.0682,0.12999
2001132,2,1132,-0.3218,14.0744,0.13001
2001133,2,1133,-0.3219,14.0806,0.13003
2001134,2,1134,-0.3219,14.0868,0.13006
2001135,2,1135,-0.322,14.093,0.13008
2001136,2,1136,-0.322,14.0991,0.1301
2001137,2,1137,-0.3221,14.1053,0.13013
2001138,2,1138,-0.3221,14.1115,0.13015
2001139,2,1139,-0.3222,14.1177,0.13017
2001140,2,1140,-0.3222,14.1238,0.1302
2001141,2,1141,-0.3222,14.13,0.13022
2001142,2,1142,-0.3223,14.1362,0.13024
2001143,2,1143,-0.3223,14.1424,0.13027
2001144,2,1144,-0.3224,14.1485,0.13029
2001145,2,1145,-0.3224,14.1547,0.13032
2001146,2,1146,-0.3225,14.1609,0.13034
2001147,2,1147,-0.3225,14.1671,0.13036
2001148,2,1148,-0.3226,14.1732,0.13039
2001149,2,1149,-0.3226,14.1794,0.13041
2001150,2,1150,-0.3227,14.1856,0.13043
2001151,2,1151,-0.3227,14.1917,0.13046
2001152,2,1152,-0.3227,14.1979,0.13048
2001153,2,1153,-0.3228,14.2041,0.13051
2001154,2,1154,-0.3228,14.2103,0.13053
2001155,2,1155,-0.3229,14.2164,0.13055
2001156,2,1156,-0.3229,14.2226,0.13058
2001157,2,1157,-0.323,14.2288,0.1306
2001158,2,1158,-0.323,14.2349,0.13063
2001159,2,1159,-0.3231,14.2411,0.13065
2001160,2,1160,-0.3231,14.2473,0.13068
2001161,2,1161,-0.3232,14.2534,0.1307
2001162,2,1162,-0.3232,14.2596,0.13072
2001163,2,1163,-0.3232,14.2658,0.13075
2001164,2,1164,-0.3233,14.2719,0.13077
2001165,2,1165,-0.3233,14.2781,0.1308
2001166,2,1166,-0.3234,14.2843,0.13082
2001167,2,1167,-0.3234,14.2904,0.13085
2001168,2,1168,-0.3235,14.2966,0.13087
2001169,2,1169,-0.3235,14.3028,0.1309
2001170,2,1170,-0.3236,14.3089,0.13092
2001171,2,1171,-0.3236,14.3151,0.13095
2001172,2,1172,-0.3237,14.3213,0.13097
2001173,2,1173,-0.3237,14.3274,0.13099
2001174,2,1174,-0.3237,14.3336,0.13102
2001175,2,1175,-0.3238,14.3397,0.13104
2001176,2,1176,-0.3238,14.3459,0.13107
2001177,2,1177,-0.3239,14.3521,0.13109
2001178,2,1178,-0.3239,14.3582,0.13112
2001179,2,1179,-0.324,14.3644,0.13114
2001180,2,1180,-0.324,14.3705,0.13117
2001181,2,1181,-0.3241,14.3767,0.13119
2001182,2,1182,-0.3241,14.3829,0.13122
2001183,2,1183,-0.3241,14.389,0.13124
2001184,2,1184,-0.3242,14.3952,0.13127
2001185,2,1185,-0.3242,14.4013,0.13129
2001186,2,1186,-0.3243,14.4075,0.13132
2001187,2,1187,-0.3243,14.4136,0.13134
2001188,2,1188,-0.3244,14.4198,0.13137
2001189,2,1189,-0.3244,14.4259,0.1314
2001190,2,1190,-0.3245,14.4321,0.13142
2001191,2,1191,-0.3245,14.4382,0.13145
2001192,2,1192,-0.3245,14.4444,0.13147
2001193,2,1193,-0.3246,14.4505,0.1315
2001194,2,1194,-0.3246,14.4567,0.13152
2001195,2,1195,-0.3247,14.4628,0.13155
2001196,2,1196,-0.3247,14.469,0.13157
2001197,2,1197,-0.3248,14.4751,0.1316
2001198,2,1198,-0.3248,14.4813,0.13162
2001199,2,1199,-0.3249,14.4874,0.13165
2001200,2,1200,-0.3249,14.4936,0.13167
2001201,2,1201,-0.3249,14.4997,0.1317
2001202,2,1202,-0.325,14.5059,0.13173
2001203,2,1203,-0.325,14.512,0.13175
2001204,2,1204,-0.3251,14.5181,0.13178
2001205,2,1205,-0.3251,14.5243,0.1318
2001206,2,1206,-0.3252,14.5304,0.13183
2001207,2,1207,-0.3252,14.5366,0.13185
2001208,2,1208,-0.3253,14.5427,0.13188
2001209,2,1209,-0.3253,14.5488,0.13191
2001210,2,1210,-0.3253,14.555,0.13193
2001211,2,1211,-0.3254,14.5611,0.13196
2001212,2,1212,-0.3254,14.5673,0.13198
2001213,2,1213,-0.3255,14.5734,0.13201
2001214,2,1214,-0.3255,14.5795,0.13204
2001215,2,1215,-0.3256,14.5857,0.13206
2001216,2,1216,-0.3256,14.5918,0.13209
2001217,2,1217,-0.3257,14.5979,0.13211
2001218,2,1218,-0.3257,14.6041,0.13214
2001219,2,1219,-0.3257,14.6102,0.13217
2001220,2,1220,-0.3258,14.6163,0.13219
2001221,2,1221,-0.3258,14.6225,0.13222
2001222,2,1222,-0.3259,14.6286,0.13225
2001223,2,1223,-0.3259,14.6347,0.13227
2001224,2,1224,-0.326,14.6408,0.1323
2001225,2,1225,-0.326,14.647,0.13232
2001226,2,1226,-0.3261,14.6531,0.13235
2001227,2,1227,-0.3261,14.6592,0.13238
2001228,2,1228,-0.3261,14.6653,0.1324
2001229,2,1229,-0.3262,14.6715,0.13243
2001230,2,1230,-0.3262,14.6776,0.13246
2001231,2,1231,-0.3263,14.6837,0.13248
2001232,2,1232,-0.3263,14.6898,0.13251
2001233,2,1233,-0.3264,14.696,0.13254
2001234,2,1234,-0.3264,14.7021,0.13256
2001235,2,1235,-0.3264,14.7082,0.13259
2001236,2,1236,-0.3265,14.7143,0.13262
2001237,2,1237,-0.3265,14.7204,0.13264
2001238,2,1238,-0.3266,14.7265,0.13267
2001239,2,1239,-0.3266,14.7327,0.13269
2001240,2,1240,-0.3267,14.7388,0.13272
2001241,2,1241,-0.3267,14.7449,0.13275
2001242,2,1242,-0.3268,14.751,0.13278
2001243,2,1243,-0.3268,14.7571,0.1328
2001244,2,1244,-0.3268,14.7632,0.13283
2001245,2,1245,-0.3269,14.7693,0.13286
2001246,2,1246,-0.3269,14.7754,0.13288
2001247,2,1247,-0.327,14.7816,0.13291
2001248,2,1248,-0.327,14.7877,0.13294
2001249,2,1249,-0.3271,14.7938,0.13296
2001250,2,1250,-0.3271,14.7999,0.13299
2001251,2,1251,-0.3271,14.806,0.13302
2001252,2,1252,-0.3272,14.8121,0.13304
2001253,2,1253,-0.3272,14.8182,0.13307
2001254,2,1254,-0.3273,14.8243,0.1331
2001255,2,1255,-0.3273,14.8304,0.13312
2001256,2,1256,-0.3274,14.8365,0.13315
2001257,2,1257,-0.3274,14.8426,0.13318
2001258,2,1258,-0.3274,14.8487,0.13321
2001259,2,1259,-0.3275,14.8548,0.13323
2001260,2,1260,-0.3275,14.8609,0.13326
2001261,2,1261,-0.3276,14.867,0.13329
2001262,2,1262,-0.3276,14.8731,0.13331
2001263,2,1263,-0.3277,14.8792,0.13334
2001264,2,1264,-0.3277,14.8853,0.13337
2001265,2,1265,-0.3278,14.8913,0.13339
2001266,2,1266,-0.3278,14.8974,0.13342
2001267,2,1267,-0.3278,14.9035,0.13345
2001268,2,1268,-0.3279,14.9096,0.13348
2001269,2,1269,-0.3279,14.9157,0.1335
2001270,2,1270,-0.328,14.9218,0.13353
2001271,2,1271,-0.328,14.9279,0.13356
2001272,2,1272,-0.3281,14.934,0.13359
2001273,2,1273,-0.3281,14.94,0.13361
2001274,2,1274,-0.3281,14.9461,0.13364
2001275,2,1275,-0.3282,14.9522,0.13367
2001276,2,1276,-0.3282,14.9583,0.13369
2001277,2,1277,-0.3283,14.9644,0.13372
2001278,2,1278,-0.3283,14.9704,0.13375
2001279,2,1279,-0.3284,14.9765,0.13378
2001280,2,1280,-0.3284,14.9826,0.1338
2001281,2,1281,-0.3284,14.9887,0.13383
2001282,2,1282,-0.3285,14.9948,0.13386
2001283,2,1283,-0.3285,15.0008,0.13389
2001284,2,1284,-0.3286,15.0069,0.13391
2001285,2,1285,-0.3286,15.013,0.13394
2001286,2,1286,-0.3287,15.019,0.13397
2001287,2,1287,-0.3287,15.0251,0.134
2001288,2,1288,-0.3287,15.0312,0.13402
2001289,2,1289,-0.3288,15.0373,0.13405
2001290,2,1290,-0.3288,15.0433,0.13408
2001291,2,1291,-0.3289,15.0494,0.13411
2001292,2,1292,-0.3289,15.0555,0.13413
2001293,2,1293,-0.329,15.0615,0.13416
2001294,2,1294,-0.329,15.0676,0.13419
2001295,2,1295,-0.329,15.0736,0.13422
2001296,2,1296,-0.3291,15.0797,0.13425
2001297,2,1297,-0.3291,15.0858,0.13427
2001298,2,1298,-0.3292,15.0918,0.1343
2001299,2,1299,-0.3292,15.0979,0.13433
2001300,2,1300,-0.3293,15.1039,0.13436
2001301,2,1301,-0.3293,15.11,0.13438
2001302,2,1302,-0.3293,15.1161,0.13441
2001303,2,1303,-0.3294,15.1221,0.13444
2001304,2,1304,-0.3294,15.1282,0.13447
2001305,2,1305,-0.3295,15.1342,0.13449
2001306,2,1306,-0.3295,15.1403,0.13452
2001307,2,1307,-0.3296,15.1463,0.13455
2001308,2,1308,-0.3296,15.1524,0.13458
2001309,2,1309,-0.3296,15.1584,0.13461
2001310,2,1310,-0.3297,15.1645,0.13463
2001311,2,1311,-0.3297,15.1705,0.13466
2001312,2,1312,-0.3298,15.1766,0.13469
2001313,2,1313,-0.3298,15.1826,0.13472
2001314,2,1314,-0.3299,15.1887,0.13474
2001315,2,1315,-0.3299,15.1947,0.13477
2001316,2,1316,-0.3299,15.2008,0.1348
2001317,2,1317,-0.33,15.2068,0.13483
2001318,2,1318,-0.33,15.2128,0.13486
2001319,2,1319,-0.3301,15.2189,0.13488
2001320,2,1320,-0.3301,15.2249,0.13491
2001321,2,1321,-0.3302,15.231,0.13494
2001322,2,1322,-0.3302,15.237,0.13497
2001323,2,1323,-0.3302,15.243,0.135
2001324,2,1324,-0.3303,15.2491,0.13502
2001325,2,1325,-0.3303,15.2551,0.13505
2001326,2,1326,-0.3304,15.2611,0.13508
2001327,2,1327,-0.3304,15.2672,0.13511
2001328,2,1328,-0.3305,15.2732,0.13514
2001329,2,1329,-0.3305,15.2792,0.13516
2001330,2,1330,-0.3305,15.2853,0.13519
2001331,2,1331,-0.3306,15.2913,0.13522
2001332,2,1332,-0.3306,15.2973,0.13525
2001333,2,1333,-0.3307,15.3034,0.13527
2001334,2,1334,-0.3307,15.3094,0.1353
2001335,2,1335,-0.3308,15.3154,0.13533
2001336,2,1336,-0.3308,15.3214,0.13536
2001337,2,1337,-0.3308,15.3275,0.13539
2001338,2,1338,-0.3309,15.3335,0.13541
2001339,2,1339,-0.3309,15.3395,0.13544
2001340,2,1340,-0.331,15.3455,0.13547
2001341,2,1341,-0.331,15.3516,0.1355
2001342,2,1342,-0.3311,15.3576,0.13553
2001343,2,1343,-0.3311,15.3636,0.13555
2001344,2,1344,-0.3311,15.3696,0.13558
2001345,2,1345,-0.3312,15.3756,0.13561
2001346,2,1346,-0.3312,15.3817,0.13564
2001347,2,1347,-0.3313,15.3877,0.13567
2001348,2,1348,-0.3313,15.3937,0.13569
2001349,2,1349,-0.3314,15.3997,0.13572
2001350,2,1350,-0.3314,15.4057,0.13575
2001351,2,1351,-0.3314,15.4117,0.13578
2001352,2,1352,-0.3315,15.4178,0.13581
2001353,2,1353,-0.3315,15.4238,0.13584
2001354,2,1354,-0.3316,15.4298,0.13586
2001355,2,1355,-0.3316,15.4358,0.13589
2001356,2,1356,-0.3317,15.4418,0.13592
2001357,2,1357,-0.3317,15.4478,0.13595
2001358,2,1358,-0.3317,15.4538,0.13598
2001359,2,1359,-0.3318,15.4598,0.136
2001360,2,1360,-0.3318,15.4658,0.13603
2001361,2,1361,-0.3319,15.4719,0.13606
2001362,2,1362,-0.3319,15.4779,0.13609
2001363,2,1363,-0.332,15.4839,0.13612
2001364,2,1364,-0.332,15.4899,0.13614
2001365,2,1365,-0.332,15.4959,0.13617
2001366,2,1366,-0.3321,15.5019,0.1362
2001367,2,1367,-0.3321,15.5079,0.13623
2001368,2,1368,-0.3322,15.5139,0.13626
2001369,2,1369,-0.3322,15.5199,0.13628
2001370,2,1370,-0.3322,15.5259,0.13631
2001371,2,1371,-0.3323,15.5319,0.13634
2001372,2,1372,-0.3323,15.5379,0.13637
2001373,2,1373,-0.3324,15.5439,0.1364
2001374,2,1374,-0.3324,15.5499,0.13642
2001375,2,1375,-0.3325,15.5559,0.13645
2001376,2,1376,-0.3325,15.5619,0.13648
2001377,2,1377,-0.3325,15.5679,0.13651
2001378,2,1378,-0.3326,15.5739,0.13654
2001379,2,1379,-0.3326,15.5799,0.13656
2001380,2,1380,-0.3327,15.5859,0.13659
2001381,2,1381,-0.3327,15.5918,0.13662
2001382,2,1382,-0.3328,15.5978,0.13665
2001383,2,1383,-0.3328,15.6038,0.13668
2001384,2,1384,-0.3328,15.6098,0.1367
2001385,2,1385,-0.3329,15.6158,0.13673
2001386,2,1386,-0.3329,15.6218,0.13676
2001387,2,1387,-0.333,15.6278,0.13679
2001388,2,1388,-0.333,15.6338,0.13682
2001389,2,1389,-0.3331,15.6398,0.13684
2001390,2,1390,-0.3331,15.6458,0.13687
2001391,2,1391,-0.3331,15.6517,0.1369
2001392,2,1392,-0.3332,15.6577,0.13693
2001393,2,1393,-0.3332,15.6637,0.13696
2001394,2,1394,-0.3333,15.6697,0.13698
2001395,2,1395,-0.3333,15.6757,0.13701
2001396,2,1396,-0.3334,15.6817,0.13704
2001397,2,1397,-0.3334,15.6877,0.13707
2001398,2,1398,-0.3334,15.6936,0.1371
2001399,2,1399,-0.3335,15.6996,0.13712
2001400,2,1400,-0.3335,15.7056,0.13715
2001401,2,1401,-0.3336,15.7116,0.13718
2001402,2,1402,-0.3336,15.7176,0.13721
2001403,2,1403,-0.3337,15.7236,0.13724
2001404,2,1404,-0.3337,15.7295,0.13726
2001405,2,1405,-0.3337,15.7355,0.13729
2001406,2,1406,-0.3338,15.7415,0.13732
2001407,2,1407,-0.3338,15.7475,0.13735
2001408,2,1408,-0.3339,15.7534,0.13737
2001409,2,1409,-0.3339,15.7594,0.1374
2001410,2,1410,-0.3339,15.7654,0.13743
2001411,2,1411,-0.334,15.7714,0.13746
2001412,2,1412,-0.334,15.7774,0.13749
2001413,2,1413,-0.3341,15.7833,0.13751
2001414,2,1414,-0.3341,15.7893,0.13754
2001415,2,1415,-0.3342,15.7953,0.13757
2001416,2,1416,-0.3342,15.8013,0.1376
2001417,2,1417,-0.3342,15.8072,0.13763
2001418,2,1418,-0.3343,15.8132,0.13765
2001419,2,1419,-0.3343,15.8192,0.13768
2001420,2,1420,-0.3344,15.8252,0.13771
2001421,2,1421,-0.3344,15.8311,0.13774
2001422,2,1422,-0.3345,15.8371,0.13776
2001423,2,1423,-0.3345,15.8431,0.13779
2001424,2,1424,-0.3345,15.849,0.13782
2001425,2,1425,-0.3346,15.855,0.13785
2001426,2,1426,-0.3346,15.861,0.13788
2001427,2,1427,-0.3347,15.8669,0.1379
2001428,2,1428,-0.3347,15.8729,0.13793
2001429,2,1429,-0.3348,15.8789,0.13796
2001430,2,1430,-0.3348,15.8849,0.13799
2001431,2,1431,-0.3348,15.8908,0.13801
2001432,2,1432,-0.3349,15.8968,0.13804
2001433,2,1433,-0.3349,15.9028,0.13807
2001434,2,1434,-0.335,15.9087,0.1381
2001435,2,1435,-0.335,15.9147,0.13813
2001436,2,1436,-0.3351,15.9207,0.13815
2001437,2,1437,-0.3351,15.9266,0.13818
2001438,2,1438,-0.3351,15.9326,0.13821
2001439,2,1439,-0.3352,15.9386,0.13824
2001440,2,1440,-0.3352,15.9445,0.13826
2001441,2,1441,-0.3353,15.9505,0.13829
2001442,2,1442,-0.3353,15.9565,0.13832
2001443,2,1443,-0.3354,15.9624,0.13835
2001444,2,1444,-0.3354,15.9684,0.13838
2001445,2,1445,-0.3354,15.9744,0.1384
2001446,2,1446,-0.3355,15.9803,0.13843
2001447,2,1447,-0.3355,15.9863,0.13846
2001448,2,1448,-0.3356,15.9922,0.13849
2001449,2,1449,-0.3356,15.9982,0.13851
2001450,2,1450,-0.3357,16.0042,0.13854
2001451,2,1451,-0.3357,16.0101,0.13857
2001452,2,1452,-0.3357,16.0161,0.1386
2001453,2,1453,-0.3358,16.0221,0.13862
2001454,2,1454,-0.3358,16.028,0.13865
2001455,2,1455,-0.3359,16.034,0.13868
2001456,2,1456,-0.3359,16.0399,0.13871
2001457,2,1457,-0.3359,16.0459,0.13873
2001458,2,1458,-0.336,16.0519,0.13876
2001459,2,1459,-0.336,16.0578,0.13879
2001460,2,1460,-0.3361,16.0638,0.13882
2001461,2,1461,-0.3361,16.0697,0.13884
2001462,2,1462,-0.3362,16.0757,0.13887
2001463,2,1463,-0.3362,16.0817,0.1389
2001464,2,1464,-0.3362,16.0876,0.13893
2001465,2,1465,-0.3363,16.0936,0.13895
2001466,2,1466,-0.3363,16.0995,0.13898
2001467,2,1467,-0.3364,16.1055,0.13901
2001468,2,1468,-0.3364,16.1115,0.13904
2001469,2,1469,-0.3365,16.1174,0.13907
2001470,2,1470,-0.3365,16.1234,0.13909
2001471,2,1471,-0.3365,16.1293,0.13912
2001472,2,1472,-0.3366,16.1353,0.13915
2001473,2,1473,-0.3366,16.1413,0.13918
2001474,2,1474,-0.3367,16.1472,0.1392
2001475,2,1475,-0.3367,16.1532,0.13923
2001476,2,1476,-0.3368,16.1591,0.13926
2001477,2,1477,-0.3368,16.1651,0.13928
2001478,2,1478,-0.3368,16.171,0.13931
2001479,2,1479,-0.3369,16.177,0.13934
2001480,2,1480,-0.3369,16.1829,0.13937
2001481,2,1481,-0.337,16.1889,0.13939
2001482,2,1482,-0.337,16.1949,0.13942
2001483,2,1483,-0.3371,16.2008,0.13945
2001484,2,1484,-0.3371,16.2068,0.13948
2001485,2,1485,-0.3371,16.2127,0.1395
2001486,2,1486,-0.3372,16.2187,0.13953
2001487,2,1487,-0.3372,16.2246,0.13956
2001488,2,1488,-0.3373,16.2306,0.13959
2001489,2,1489,-0.3373,16.2365,0.13961
2001490,2,1490,-0.3374,16.2425,0.13964
2001491,2,1491,-0.3374,16.2485,0.13967
2001492,2,1492,-0.3374,16.2544,0.1397
2001493,2,1493,-0.3375,16.2604,0.13972
2001494,2,1494,-0.3375,16.2663,0.13975
2001495,2,1495,-0.3376,16.2723,0.13978
2001496,2,1496,-0.3376,16.2782,0.1398
2001497,2,1497,-0.3377,16.2842,0.13983
2001498,2,1498,-0.3377,16.2901,0.13986
2001499,2,1499,-0.3377,16.2961,0.13989
2001500,2,1500,-0.3378,16.302,0.13991
2001501,2,1501,-0.3378,16.308,0.13994
2001502,2,1502,-0.3379,16.314,0.13997
2001503,2,1503,-0.3379,16.3199,0.14
2001504,2,1504,-0.338,16.3259,0.14002
2001505,2,1505,-0.338,16.3318,0.14005
2001506,2,1506,-0.338,16.3378,0.14008
2001507,2,1507,-0.3381,16.3437,0.1401
2001508,2,1508,-0.3381,16.3497,0.14013
2001509,2,1509,-0.3382,16.3556,0.14016
2001510,2,1510,-0.3382,16.3616,0.14019
2001511,2,1511,-0.3383,16.3675,0.14021
2001512,2,1512,-0.3383,16.3735,0.14024
2001513,2,1513,-0.3383,16.3794,0.14027
2001514,2,1514,-0.3384,16.3854,0.14029
2001515,2,1515,-0.3384,16.3913,0.14032
2001516,2,1516,-0.3385,16.3973,0.14035
2001517,2,1517,-0.3385,16.4032,0.14038
2001518,2,1518,-0.3386,16.4092,0.1404
2001519,2,1519,-0.3386,16.4151,0.14043
2001520,2,1520,-0.3386,16.4211,0.14046
2001521,2,1521,-0.3387,16.427,0.14048
2001522,2,1522,-0.3387,16.433,0.14051
2001523,2,1523,-0.3388,16.4389,0.14054
2001524,2,1524,-0.3388,16.4449,0.14056
2001525,2,1525,-0.3389,16.4508,0.14059
2001526,2,1526,-0.3389,16.4568,0.14062
2001527,2,1527,-0.3389,16.4627,0.14065
2001528,2,1528,-0.339,16.4687,0.14067
2001529,2,1529,-0.339,16.4746,0.1407
2001530,2,1530,-0.3391,16.4806,0.14073
2001531,2,1531,-0.3391,16.4865,0.14075
2001532,2,1532,-0.3392,16.4925,0.14078
2001533,2,1533,-0.3392,16.4984,0.14081
2001534,2,1534,-0.3392,16.5044,0.14083
2001535,2,1535,-0.3393,16.5103,0.14086
2001536,2,1536,-0.3393,16.5163,0.14089
2001537,2,1537,-0.3394,16.5222,0.14091
2001538,2,1538,-0.3394,16.5282,0.14094
2001539,2,1539,-0.3395,16.5341,0.14097
2001540,2,1540,-0.3395,16.5401,0.141
2001541,2,1541,-0.3396,16.546,0.14102
2001542,2,1542,-0.3396,16.552,0.14105
2001543,2,1543,-0.3396,16.5579,0.14108
2001544,2,1544,-0.3397,16.5639,0.1411
2001545,2,1545,-0.3397,16.5698,0.14113
2001546,2,1546,-0.3398,16.5758,0.14116
2001547,2,1547,-0.3398,16.5817,0.14118
2001548,2,1548,-0.3399,16.5876,0.14121
2001549,2,1549,-0.3399,16.5936,0.14124
2001550,2,1550,-0.3399,16.5995,0.14126
2001551,2,1551,-0.34,16.6055,0.14129
2001552,2,1552,-0.34,16.6114,0.14132
2001553,2,1553,-0.3401,16.6174,0.14134
2001554,2,1554,-0.3401,16.6233,0.14137
2001555,2,1555,-0.3402,16.6293,0.1414
2001556,2,1556,-0.3402,16.6352,0.14142
2001557,2,1557,-0.3402,16.6412,0.14145
2001558,2,1558,-0.3403,16.6471,0.14148
2001559,2,1559,-0.3403,16.653,0.1415
2001560,2,1560,-0.3404,16.659,0.14153
2001561,2,1561,-0.3404,16.6649,0.14156
2001562,2,1562,-0.3405,16.6709,0.14158
2001563,2,1563,-0.3405,16.6768,0.14161
2001564,2,1564,-0.3405,16.6828,0.14164
2001565,2,1565,-0.3406,16.6887,0.14166
2001566,2,1566,-0.3406,16.6947,0.14169
2001567,2,1567,-0.3407,16.7006,0.14172
2001568,2,1568,-0.3407,16.7065,0.14174
2001569,2,1569,-0.3408,16.7125,0.14177
2001570,2,1570,-0.3408,16.7184,0.14179
2001571,2,1571,-0.3408,16.7244,0.14182
2001572,2,1572,-0.3409,16.7303,0.14185
2001573,2,1573,-0.3409,16.7363,0.14187
2001574,2,1574,-0.341,16.7422,0.1419
2001575,2,1575,-0.341,16.7481,0.14193
2001576,2,1576,-0.3411,16.7541,0.14195
2001577,2,1577,-0.3411,16.76,0.14198
2001578,2,1578,-0.3412,16.766,0.14201
2001579,2,1579,-0.3412,16.7719,0.14203
2001580,2,1580,-0.3412,16.7778,0.14206
2001581,2,1581,-0.3413,16.7838,0.14209
2001582,2,1582,-0.3413,16.7897,0.14211
2001583,2,1583,-0.3414,16.7957,0.14214
2001584,2,1584,-0.3414,16.8016,0.14216
2001585,2,1585,-0.3415,16.8075,0.14219
2001586,2,1586,-0.3415,16.8135,0.14222
2001587,2,1587,-0.3415,16.8194,0.14224
2001588,2,1588,-0.3416,16.8254,0.14227
2001589,2,1589,-0.3416,16.8313,0.1423
2001590,2,1590,-0.3417,16.8372,0.14232
2001591,2,1591,-0.3417,16.8432,0.14235
2001592,2,1592,-0.3418,16.8491,0.14237
2001593,2,1593,-0.3418,16.855,0.1424
2001594,2,1594,-0.3418,16.861,0.14243
2001595,2,1595,-0.3419,16.8669,0.14245
2001596,2,1596,-0.3419,16.8729,0.14248
2001597,2,1597,-0.342,16.8788,0.14251
2001598,2,1598,-0.342,16.8847,0.14253
2001599,2,1599,-0.3421,16.8907,0.14256
2001600,2,1600,-0.3421,16.8966,0.14258
2001601,2,1601,-0.3421,16.9025,0.14261
2001602,2,1602,-0.3422,16.9085,0.14264
2001603,2,1603,-0.3422,16.9144,0.14266
2001604,2,1604,-0.3423,16.9203,0.14269
2001605,2,1605,-0.3423,16.9263,0.14271
2001606,2,1606,-0.3424,16.9322,0.14274
2001607,2,1607,-0.3424,16.9381,0.14277
2001608,2,1608,-0.3425,16.9441,0.14279
2001609,2,1609,-0.3425,16.95,0.14282
2001610,2,1610,-0.3425,16.9559,0.14284
2001611,2,1611,-0.3426,16.9619,0.14287
2001612,2,1612,-0.3426,16.9678,0.1429
2001613,2,1613,-0.3427,16.9737,0.14292
2001614,2,1614,-0.3427,16.9796,0.14295
2001615,2,1615,-0.3428,16.9856,0.14297
2001616,2,1616,-0.3428,16.9915,0.143
2001617,2,1617,-0.3428,16.9974,0.14303
2001618,2,1618,-0.3429,17.0034,0.14305
2001619,2,1619,-0.3429,17.0093,0.14308
2001620,2,1620,-0.343,17.0152,0.1431
2001621,2,1621,-0.343,17.0211,0.14313
2001622,2,1622,-0.3431,17.0271,0.14315
2001623,2,1623,-0.3431,17.033,0.14318
2001624,2,1624,-0.3431,17.0389,0.14321
2001625,2,1625,-0.3432,17.0448,0.14323
2001626,2,1626,-0.3432,17.0508,0.14326
2001627,2,1627,-0.3433,17.0567,0.14328
2001628,2,1628,-0.3433,17.0626,0.14331
2001629,2,1629,-0.3434,17.0685,0.14334
2001630,2,1630,-0.3434,17.0744,0.14336
2001631,2,1631,-0.3434,17.0804,0.14339
2001632,2,1632,-0.3435,17.0863,0.14341
2001633,2,1633,-0.3435,17.0922,0.14344
2001634,2,1634,-0.3436,17.0981,0.14346
2001635,2,1635,-0.3436,17.104,0.14349
2001636,2,1636,-0.3437,17.11,0.14352
2001637,2,1637,-0.3437,17.1159,0.14354
2001638,2,1638,-0.3438,17.1218,0.14357
2001639,2,1639,-0.3438,17.1277,0.14359
2001640,2,1640,-0.3438,17.1336,0.14362
2001641,2,1641,-0.3439,17.1395,0.14364
2001642,2,1642,-0.3439,17.1455,0.14367
2001643,2,1643,-0.344,17.1514,0.14369
2001644,2,1644,-0.344,17.1573,0.14372
2001645,2,1645,-0.3441,17.1632,0.14375
2001646,2,1646,-0.3441,17.1691,0.14377
2001647,2,1647,-0.3441,17.175,0.1438
2001648,2,1648,-0.3442,17.1809,0.14382
2001649,2,1649,-0.3442,17.1868,0.14385
2001650,2,1650,-0.3443,17.1927,0.14387
2001651,2,1651,-0.3443,17.1987,0.1439
2001652,2,1652,-0.3444,17.2046,0.14392
2001653,2,1653,-0.3444,17.2105,0.14395
2001654,2,1654,-0.3444,17.2164,0.14398
2001655,2,1655,-0.3445,17.2223,0.144
2001656,2,1656,-0.3445,17.2282,0.14403
2001657,2,1657,-0.3446,17.2341,0.14405
2001658,2,1658,-0.3446,17.24,0.14408
2001659,2,1659,-0.3447,17.2459,0.1441
2001660,2,1660,-0.3447,17.2518,0.14413
2001661,2,1661,-0.3448,17.2577,0.14415
2001662,2,1662,-0.3448,17.2636,0.14418
2001663,2,1663,-0.3448,17.2695,0.1442
2001664,2,1664,-0.3449,17.2754,0.14423
2001665,2,1665,-0.3449,17.2813,0.14426
2001666,2,1666,-0.345,17.2872,0.14428
2001667,2,1667,-0.345,17.2931,0.14431
2001668,2,1668,-0.3451,17.299,0.14433
2001669,2,1669,-0.3451,17.3049,0.14436
2001670,2,1670,-0.3451,17.3108,0.14438
2001671,2,1671,-0.3452,17.3167,0.14441
2001672,2,1672,-0.3452,17.3226,0.14443
2001673,2,1673,-0.3453,17.3285,0.14446
2001674,2,1674,-0.3453,17.3344,0.14448
2001675,2,1675,-0.3454,17.3402,0.14451
2001676,2,1676,-0.3454,17.3461,0.14453
2001677,2,1677,-0.3454,17.352,0.14456
2001678,2,1678,-0.3455,17.3579,0.14458
2001679,2,1679,-0.3455,17.3638,0.14461
2001680,2,1680,-0.3456,17.3697,0.14463
2001681,2,1681,-0.3456,17.3756,0.14466
2001682,2,1682,-0.3457,17.3815,0.14468
2001683,2,1683,-0.3457,17.3873,0.14471
2001684,2,1684,-0.3457,17.3932,0.14473
2001685,2,1685,-0.3458,17.3991,0.14476
2001686,2,1686,-0.3458,17.405,0.14479
2001687,2,1687,-0.3459,17.4109,0.14481
2001688,2,1688,-0.3459,17.4167,0.14484
2001689,2,1689,-0.346,17.4226,0.14486
2001690,2,1690,-0.346,17.4285,0.14489
2001691,2,1691,-0.346,17.4344,0.14491
2001692,2,1692,-0.3461,17.4403,0.14494
2001693,2,1693,-0.3461,17.4461,0.14496
2001694,2,1694,-0.3462,17.452,0.14499
2001695,2,1695,-0.3462,17.4579,0.14501
2001696,2,1696,-0.3463,17.4637,0.14504
2001697,2,1697,-0.3463,17.4696,0.14506
2001698,2,1698,-0.3463,17.4755,0.14509
2001699,2,1699,-0.3464,17.4814,0.14511
2001700,2,1700,-0.3464,17.4872,0.14514
2001701,2,1701,-0.3465,17.4931,0.14516
2001702,2,1702,-0.3465,17.499,0.14519
2001703,2,1703,-0.3466,17.5048,0.14521
2001704,2,1704,-0.3466,17.5107,0.14524
2001705,2,1705,-0.3467,17.5166,0.14526
2001706,2,1706,-0.3467,17.5224,0.14529
2001707,2,1707,-0.3467,17.5283,0.14531
2001708,2,1708,-0.3468,17.5341,0.14534
2001709,2,1709,-0.3468,17.54,0.14536
2001710,2,1710,-0.3469,17.5459,0.14539
2001711,2,1711,-0.3469,17.5517,0.14541
2001712,2,1712,-0.347,17.5576,0.14544
2001713,2,1713,-0.347,17.5634,0.14546
2001714,2,1714,-0.347,17.5693,0.14549
2001715,2,1715,-0.3471,17.5751,0.14551
2001716,2,1716,-0.3471,17.581,0.14553
2001717,2,1717,-0.3472,17.5868,0.14556
2001718,2,1718,-0.3472,17.5927,0.14558
2001719,2,1719,-0.3473,17.5985,0.14561
2001720,2,1720,-0.3473,17.6044,0.14563
2001721,2,1721,-0.3473,17.6102,0.14566
2001722,2,1722,-0.3474,17.6161,0.14568
2001723,2,1723,-0.3474,17.6219,0.14571
2001724,2,1724,-0.3475,17.6278,0.14573
2001725,2,1725,-0.3475,17.6336,0.14576
2001726,2,1726,-0.3476,17.6394,0.14578
2001727,2,1727,-0.3476,17.6453,0.14581
2001728,2,1728,-0.3476,17.6511,0.14583
2001729,2,1729,-0.3477,17.657,0.14586
2001730,2,1730,-0.3477,17.6628,0.14588
2001731,2,1731,-0.3478,17.6686,0.14591
2001732,2,1732,-0.3478,17.6745,0.14593
2001733,2,1733,-0.3479,17.6803,0.14596
2001734,2,1734,-0.3479,17.6861,0.14598
2001735,2,1735,-0.3479,17.692,0.146
2001736,2,1736,-0.348,17.6978,0.14603
2001737,2,1737,-0.348,17.7036,0.14605
2001738,2,1738,-0.3481,17.7095,0.14608
2001739,2,1739,-0.3481,17.7153,0.1461
2001740,2,1740,-0.3482,17.7211,0.14613
2001741,2,1741,-0.3482,17.7269,0.14615
2001742,2,1742,-0.3482,17.7328,0.14618
2001743,2,1743,-0.3483,17.7386,0.1462
2001744,2,1744,-0.3483,17.7444,0.14623
2001745,2,1745,-0.3484,17.7502,0.14625
2001746,2,1746,-0.3484,17.7561,0.14628
2001747,2,1747,-0.3485,17.7619,0.1463
2001748,2,1748,-0.3485,17.7677,0.14632
2001749,2,1749,-0.3485,17.7735,0.14635
2001750,2,1750,-0.3486,17.7793,0.14637
2001751,2,1751,-0.3486,17.7851,0.1464
2001752,2,1752,-0.3487,17.791,0.14642
2001753,2,1753,-0.3487,17.7968,0.14645
2001754,2,1754,-0.3488,17.8026,0.14647
2001755,2,1755,-0.3488,17.8084,0.1465
2001756,2,1756,-0.3488,17.8142,0.14652
2001757,2,1757,-0.3489,17.82,0.14654
2001758,2,1758,-0.3489,17.8258,0.14657
2001759,2,1759,-0.349,17.8316,0.14659
2001760,2,1760,-0.349,17.8374,0.14662
2001761,2,1761,-0.3491,17.8432,0.14664
2001762,2,1762,-0.3491,17.849,0.14667
2001763,2,1763,-0.3491,17.8548,0.14669
2001764,2,1764,-0.3492,17.8606,0.14672
2001765,2,1765,-0.3492,17.8664,0.14674
2001766,2,1766,-0.3493,17.8722,0.14676
2001767,2,1767,-0.3493,17.878,0.14679
2001768,2,1768,-0.3493,17.8838,0.14681
2001769,2,1769,-0.3494,17.8896,0.14684
2001770,2,1770,-0.3494,17.8954,0.14686
2001771,2,1771,-0.3495,17.9012,0.14689
2001772,2,1772,-0.3495,17.907,0.14691
2001773,2,1773,-0.3496,17.9128,0.14693
2001774,2,1774,-0.3496,17.9186,0.14696
2001775,2,1775,-0.3496,17.9243,0.14698
2001776,2,1776,-0.3497,17.9301,0.14701
2001777,2,1777,-0.3497,17.9359,0.14703
2001778,2,1778,-0.3498,17.9417,0.14706
2001779,2,1779,-0.3498,17.9475,0.14708
2001780,2,1780,-0.3499,17.9533,0.1471
2001781,2,1781,-0.3499,17.959,0.14713
2001782,2,1782,-0.3499,17.9648,0.14715
2001783,2,1783,-0.35,17.9706,0.14718
2001784,2,1784,-0.35,17.9764,0.1472
2001785,2,1785,-0.3501,17.9821,0.14722
2001786,2,1786,-0.3501,17.9879,0.14725
2001787,2,1787,-0.3502,17.9937,0.14727
2001788,2,1788,-0.3502,17.9995,0.1473
2001789,2,1789,-0.3502,18.0052,0.14732
2001790,2,1790,-0.3503,18.011,0.14735
2001791,2,1791,-0.3503,18.0168,0.14737
2001792,2,1792,-0.3504,18.0225,0.14739
2001793,2,1793,-0.3504,18.0283,0.14742
2001794,2,1794,-0.3505,18.0341,0.14744
2001795,2,1795,-0.3505,18.0398,0.14747
2001796,2,1796,-0.3505,18.0456,0.14749
2001797,2,1797,-0.3506,18.0513,0.14751
2001798,2,1798,-0.3506,18.0571,0.14754
2001799,2,1799,-0.3507,18.0629,0.14756
2001800,2,1800,-0.3507,18.0686,0.14759
2001801,2,1801,-0.3507,18.0744,0.14761
2001802,2,1802,-0.3508,18.0801,0.14763
2001803,2,1803,-0.3508,18.0859,0.14766
2001804,2,1804,-0.3509,18.0916,0.14768
2001805,2,1805,-0.3509,18.0974,0.14771
2001806,2,1806,-0.351,18.1031,0.14773
2001807,2,1807,-0.351,18.1089,0.14775
2001808,2,1808,-0.351,18.1146,0.14778
2001809,2,1809,-0.3511,18.1204,0.1478
2001810,2,1810,-0.3511,18.1261,0.14783
2001811,2,1811,-0.3512,18.1319,0.14785
2001812,2,1812,-0.3512,18.1376,0.14787
2001813,2,1813,-0.3513,18.1434,0.1479
2001814,2,1814,-0.3513,18.1491,0.14792
2001815,2,1815,-0.3513,18.1548,0.14794
2001816,2,1816,-0.3514,18.1606,0.14797
2001817,2,1817,-0.3514,18.1663,0.14799
2001818,2,1818,-0.3515,18.172,0.14802
2001819,2,1819,-0.3515,18.1778,0.14804
2001820,2,1820,-0.3515,18.1835,0.14806
2001821,2,1821,-0.3516,18.1892,0.14809
2001822,2,1822,-0.3516,18.195,0.14811
2001823,2,1823,-0.3517,18.2007,0.14814
2001824,2,1824,-0.3517,18.2064,0.14816
2001825,2,1825,-0.3518,18.2122,0.14818
2001826,2,1826,-0.3518,18.2179,0.14821
